{
  "fixture_path": "/home/kt/ai/minimind/artifacts/luma_stage12_competition_math_dialogue_emotion.json",
  "fixture_mode": "competition_math_dialogue_emotion",
  "rollout_steps": 10,
  "slow_k": 1,
  "reason_loops": 15,
  "enable_world_jepa": true,
  "world_jepa_mode": "full",
  "enable_self_check_ring": true,
  "self_check_k": 2,
  "meta_dim": 64,
  "meta_state": 16,
  "c_t_dim": 32,
  "self_check_dim": 16,
  "enable_exit_jepa_crystal": false,
  "reason_width_mult": 1.0,
  "reason_shared_depth": 2,
  "world_mask_strategy": "structured",
  "world_full_simplify_loss": true,
  "self_world_coupling_weight": 0.05,
  "self_rollout_hierarchical": true,
  "exit_two_step_aux_weight": 0.25,
  "enable_persona_seed": true,
  "persona_dir": "/home/kt/ai/luma_dataset",
  "num_samples": 4,
  "stage1": {
    "mean_kl": 3.514256715774536,
    "mean_hidden_delta": 6.78125,
    "hard_loop_var": 1.25,
    "soft_loop_var": 1.0,
    "c_t_var": 0.625478208065033,
    "exit_score_var": 2.3737542505841702e-05,
    "sampled_exit_score_var": 0.00013390662206802517,
    "two_step_improvement_mean": 0.0611417293548584,
    "self_check_mean": 0.4760102927684784,
    "jepa_crystal_mean": 0.0,
    "world_surprise_mean": 11.392905235290527
  },
  "stage2": {
    "losses": [
      25.42599105834961,
      23.769493103027344,
      22.306228637695312,
      22.53647804260254,
      14.449041366577148,
      13.845719337463379,
      12.912047386169434,
      13.334184646606445
    ],
    "self_losses": [
      1.0078125,
      0.921875,
      1.046875,
      1.03125,
      0.8671875,
      0.9765625,
      0.83984375,
      0.59765625
    ],
    "rollout_losses": [
      0.39453125,
      0.55078125,
      0.4375,
      0.375,
      0.49609375,
      0.3359375,
      0.515625,
      0.451171875
    ],
    "mean_delta_norm": 1.166015625,
    "self_loss_head": 0.96484375,
    "self_loss_tail": 0.71875,
    "self_rollout_head": 0.47265625,
    "self_rollout_tail": 0.4833984375,
    "world_surprise_mean": 11.343968749046326
  },
  "per_task_from_mixed": true,
  "per_task": {
    "math": {
      "stage1": {
        "mean_kl": 0.7549563646316528,
        "mean_hidden_delta": 2.75,
        "hard_loop_var": 0.25,
        "soft_loop_var": 0.25,
        "c_t_var": 0.43969523906707764,
        "exit_score_var": 0.00014792494766879827,
        "sampled_exit_score_var": 0.0005474744830280542,
        "two_step_improvement_mean": 0.3916829526424408,
        "self_check_mean": 0.5025228261947632,
        "jepa_crystal_mean": 0.0,
        "world_surprise_mean": 11.413368225097656
      },
      "stage2": {
        "losses": [
          8.399447441101074,
          9.778764724731445,
          19.811386108398438,
          18.331274032592773
        ],
        "self_losses": [
          0.69140625,
          0.6171875,
          0.61328125,
          0.6171875
        ],
        "rollout_losses": [
          0.578125,
          0.65625,
          0.5390625,
          0.5703125
        ],
        "mean_delta_norm": 2.076171875,
        "self_loss_head": 0.654296875,
        "self_loss_tail": 0.615234375,
        "self_rollout_head": 0.6171875,
        "self_rollout_tail": 0.5546875,
        "world_surprise_mean": 11.413368463516235,
        "probe_from_mixed_model": true
      }
    },
    "dialogue": {
      "stage1": {
        "mean_kl": 0.6601378917694092,
        "mean_hidden_delta": 2.921875,
        "hard_loop_var": 0.1875,
        "soft_loop_var": 0.75,
        "c_t_var": 0.14488212764263153,
        "exit_score_var": 0.00010197691153734922,
        "sampled_exit_score_var": 0.00030271580908447504,
        "two_step_improvement_mean": 0.4222819209098816,
        "self_check_mean": 0.4916178584098816,
        "jepa_crystal_mean": 0.0,
        "world_surprise_mean": 11.454774856567383
      },
      "stage2": {
        "losses": [
          7.899303913116455,
          10.503636360168457,
          17.557632446289062,
          19.270294189453125
        ],
        "self_losses": [
          0.50390625,
          0.462890625,
          0.53125,
          0.60546875
        ],
        "rollout_losses": [
          0.58984375,
          0.462890625,
          0.546875,
          0.57421875
        ],
        "mean_delta_norm": 2.2890625,
        "self_loss_head": 0.4833984375,
        "self_loss_tail": 0.568359375,
        "self_rollout_head": 0.5263671875,
        "self_rollout_tail": 0.560546875,
        "world_surprise_mean": 11.454774856567383,
        "probe_from_mixed_model": true
      }
    },
    "emotion": {
      "stage1": {
        "mean_kl": 1.2280609607696533,
        "mean_hidden_delta": 3.828125,
        "hard_loop_var": 1.1875,
        "soft_loop_var": 0.1875,
        "c_t_var": 0.2857493758201599,
        "exit_score_var": 1.4038337212696206e-05,
        "sampled_exit_score_var": 0.00033019663533195853,
        "two_step_improvement_mean": 0.2621093690395355,
        "self_check_mean": 0.5622419118881226,
        "jepa_crystal_mean": 0.0,
        "world_surprise_mean": 11.398565292358398
      },
      "stage2": {
        "losses": [
          20.912334442138672,
          21.615222930908203,
          20.954252243041992,
          20.543270111083984
        ],
        "self_losses": [
          0.7578125,
          0.890625,
          0.6015625,
          0.8125
        ],
        "rollout_losses": [
          0.5234375,
          0.5703125,
          0.49609375,
          0.48046875
        ],
        "mean_delta_norm": 1.302734375,
        "self_loss_head": 0.82421875,
        "self_loss_tail": 0.70703125,
        "self_rollout_head": 0.546875,
        "self_rollout_tail": 0.48828125,
        "world_surprise_mean": 11.39856481552124,
        "probe_from_mixed_model": true
      }
    },
    "persona_seed": {
      "stage1": {
        "mean_kl": 2.552206039428711,
        "mean_hidden_delta": 5.6875,
        "hard_loop_var": 0.25,
        "soft_loop_var": 0.6875,
        "c_t_var": 0.019391775131225586,
        "exit_score_var": 3.352276326040737e-05,
        "sampled_exit_score_var": 0.00014708179514855146,
        "two_step_improvement_mean": -0.14792993664741516,
        "self_check_mean": 0.3401041626930237,
        "jepa_crystal_mean": 0.0,
        "world_surprise_mean": 12.951077461242676
      },
      "stage2": {
        "losses": [
          24.09647560119629,
          25.00899314880371,
          22.21600341796875,
          24.330120086669922
        ],
        "self_losses": [
          0.9921875,
          0.95703125,
          0.98828125,
          0.9609375
        ],
        "rollout_losses": [
          0.255859375,
          0.2373046875,
          0.306640625,
          0.30078125
        ],
        "mean_delta_norm": 0.28662109375,
        "self_loss_head": 0.974609375,
        "self_loss_tail": 0.974609375,
        "self_rollout_head": 0.24658203125,
        "self_rollout_tail": 0.3037109375,
        "world_surprise_mean": 12.951077461242676,
        "probe_from_mixed_model": true
      }
    },
    "mixed": {
      "stage1": {
        "mean_kl": 0.5668890476226807,
        "mean_hidden_delta": 2.46875,
        "hard_loop_var": 0.1875,
        "soft_loop_var": 0.1875,
        "c_t_var": 0.43926993012428284,
        "exit_score_var": 0.0003876345872413367,
        "sampled_exit_score_var": 0.0011000062804669142,
        "two_step_improvement_mean": 0.484619140625,
        "self_check_mean": 0.5185546875,
        "jepa_crystal_mean": 0.0,
        "world_surprise_mean": 11.415538787841797
      },
      "stage2": {
        "losses": [
          8.399447441101074,
          7.899303913116455,
          9.778764724731445,
          10.503636360168457
        ],
        "self_losses": [
          0.69140625,
          0.50390625,
          0.6171875,
          0.462890625
        ],
        "rollout_losses": [
          0.578125,
          0.58984375,
          0.65625,
          0.462890625
        ],
        "mean_delta_norm": 2.3984375,