{
  "fixture_path": "/home/kt/ai/minimind/artifacts/luma_stage12_hard_math_dialogue.json",
  "fixture_mode": "hard_math_dialogue",
  "rollout_steps": 4,
  "slow_k": 3,
  "reason_loops": 9,
  "enable_world_jepa": true,
  "num_samples": 6,
  "stage1": {
    "mean_kl": 2.099074602127075,
    "mean_hidden_delta": 5.0625,
    "hard_loop_var": 0.0,
    "soft_loop_var": 0.1388888955116272,
    "c_t_var": 0.6712965369224548,
    "exit_score_var": 2.8382566597429104e-05,
    "sampled_exit_score_var": 0.00013710372149944305,
    "two_step_improvement_mean": 0.0119357630610466
  },
  "stage2": {
    "losses": [
      25.25,
      25.625,
      25.125,
      24.125,
      24.125,
      24.5
    ],
    "self_losses": [
      0.92578125,
      1.1171875,
      1.09375,
      0.90625,
      0.90625,
      0.97265625
    ],
    "rollout_losses": [
      0.96875,
      1.1171875,
      1.015625,
      1.015625,
      0.8671875,
      0.9375
    ],
    "mean_delta_norm": 3.0885416666666665,
    "self_loss_head": 1.021484375,
    "self_loss_tail": 0.939453125,
    "self_rollout_head": 1.04296875,
    "self_rollout_tail": 0.90234375
  }
}