{
  "fixture_path": "/home/kt/ai/minimind/artifacts/luma_stage12_competition_math_dialogue_emotion.json",
  "fixture_mode": "competition_math_dialogue_emotion",
  "rollout_steps": 10,
  "slow_k": 1,
  "reason_loops": 15,
  "enable_world_jepa": true,
  "world_jepa_mode": "full",
  "enable_self_check_ring": true,
  "num_samples": 4,
  "stage1": {
    "mean_kl": 1.5996944904327393,
    "mean_hidden_delta": 3.96875,
    "hard_loop_var": 3.6875,
    "soft_loop_var": 0.1875,
    "c_t_var": 0.764670193195343,
    "exit_score_var": 0.00014983706932980567,
    "sampled_exit_score_var": 0.00041084171971306205,
    "two_step_improvement_mean": 0.1150851771235466,
    "self_check_mean": 0.5178358554840088
  },
  "stage2": {
    "losses": [
      24.633291244506836,
      24.40911293029785,
      24.494863510131836,
      25.16405487060547,
      20.291013717651367,
      21.386524200439453,
      21.177507400512695,
      22.562702178955078,
      17.980926513671875,
      19.869230270385742,
      20.17361831665039,
      20.836441040039062,
      17.370929718017578,
      18.24825096130371,
      18.386642456054688,
      18.99475860595703,
      15.91211223602295,
      16.840091705322266,
      16.84574317932129,
      17.39342498779297,
      14.496304512023926,
      15.531516075134277,
      15.505949974060059,
      17.02358055114746,
      14.108015060424805,
      14.379203796386719,
      14.304740905761719,
      15.808661460876465,
      12.846224784851074,
      13.203447341918945,
      13.119105339050293,
      14.57033920288086
    ],
    "self_losses": [
      1.015625,
      0.96875,
      1.1875,
      1.1640625,
      0.9921875,
      0.703125,
      0.9765625,
      1.0390625,
      0.9921875,
      0.6328125,
      0.8203125,
      0.99609375,
      0.85546875,
      0.51953125,
      0.78515625,
      0.88671875,
      0.79296875,
      0.4375,
      0.72265625,
      0.7578125,
      0.7578125,
      0.369140625,
      0.64453125,
      0.734375,
      0.73046875,
      0.314453125,
      0.57421875,
      0.6796875,
      0.6875,
      0.265625,
      0.53515625,
      0.61328125
    ],
    "rollout_losses": [
      0.7734375,
      1.125,
      0.70703125,
      0.8046875,
      0.7265625,
      1.1875,
      0.703125,
      0.828125,
      0.74609375,
      1.171875,
      0.84375,
      0.96875,
      0.8984375,
      1.03125,
      0.82421875,
      0.94921875,
      0.82421875,
      0.91015625,
      0.8046875,
      0.90234375,
      0.765625,
      0.8046875,
      0.75,
      0.93359375,
      0.75,
      0.71875,
      0.69140625,
      0.86328125,
      0.703125,
      0.65234375,
      0.6484375,
      0.80078125
    ],
    "mean_delta_norm": 4.2025146484375,
    "self_loss_head": 0.9921875,
    "self_loss_tail": 0.57421875,
    "self_rollout_head": 0.94921875,
    "self_rollout_tail": 0.724609375
  },
  "per_task": {
    "math": {
      "stage1": {
        "mean_kl": 1.9256545305252075,
        "mean_hidden_delta": 4.5,
        "hard_loop_var": 1.1875,
        "soft_loop_var": 0.0,
        "c_t_var": 0.6361335515975952,
        "exit_score_var": 4.157442890573293e-05,
        "sampled_exit_score_var": 0.00044518569484353065,
        "two_step_improvement_mean": 0.1090630441904068,
        "self_check_mean": 0.5169406533241272
      },
      "stage2": {
        "losses": [
          24.605947494506836,
          24.72921371459961,
          26.01963996887207,
          24.036569595336914,
          19.82398796081543,
          20.9525146484375,
          22.697769165039062,
          21.732940673828125,
          17.75975799560547,
          19.203031539916992,
          20.785005569458008,
          19.732023239135742,
          16.937292098999023,
          17.80476951599121,
          18.8671817779541,
          17.773483276367188
        ],
        "self_losses": [
          1.015625,
          1.1875,
          0.9296875,
          1.0625,
          0.98828125,
          0.91015625,
          0.8515625,
          0.9453125,
          0.9140625,
          0.7890625,
          0.80078125,
          0.87890625,
          0.83203125,
          0.72265625,
          0.6875,
          0.77734375
        ],
        "rollout_losses": [
          0.7734375,
          0.73828125,
          1.0078125,
          0.6796875,
          0.72265625,
          0.72265625,
          0.91015625,
          0.80859375,
          0.7734375,
          0.7421875,
          0.90625,
          0.81640625,
          0.859375,
          0.89453125,
          0.8359375,
          0.6953125
        ],
        "mean_delta_norm": 2.407470703125,
        "self_loss_head": 1.1015625,
        "self_loss_tail": 0.732421875,
        "self_rollout_head": 0.755859375,
        "self_rollout_tail": 0.765625
      }
    },
    "dialogue": {
      "stage1": {
        "mean_kl": 1.6984412670135498,
        "mean_hidden_delta": 4.15625,
        "hard_loop_var": 3.5,
        "soft_loop_var": 0.25,
        "c_t_var": 0.46073904633522034,
        "exit_score_var": 9.21783284866251e-05,
        "sampled_exit_score_var": 0.0008331506396643817,
        "two_step_improvement_mean": 0.07093099504709244,
        "self_check_mean": 0.5392062664031982
      },
      "stage2": {
        "losses": [
          24.646989822387695,
          25.38079071044922,
          24.714706420898438,
          24.424610137939453,
          19.934329986572266,
          21.399065017700195,
          20.973581314086914,
          21.204057693481445,
          17.902523040771484,
          19.014314651489258,
          18.474950790405273,
          18.834476470947266,
          16.412273406982422,
          17.92966079711914,
          16.797382354736328,
          16.815250396728516
        ],
        "self_losses": [
          0.97265625,
          1.171875,
          1.078125,
          1.0234375,
          0.75,
          0.97265625,
          0.9765625,
          0.91015625,
          0.640625,
          0.87890625,
          0.8671875,
          0.8984375,
          0.546875,
          0.79296875,
          0.71484375,
          0.84375
        ],
        "rollout_losses": [
          1.0859375,
          0.74609375,
          0.7578125,
          0.859375,
          0.8984375,
          0.84375,
          0.65625,
          1.0625,
          0.953125,
          0.85546875,
          0.64453125,
          0.98046875,
          0.8984375,
          0.83203125,
          0.57421875,
          0.84765625
        ],
        "mean_delta_norm": 2.97216796875,
        "self_loss_head": 1.072265625,
        "self_loss_tail": 0.779296875,
        "self_rollout_head": 0.916015625,
        "self_rollout_tail": 0.7109375
      }
    },
    "emotion": {
      "stage1": {
        "mean_kl": 1.32453453540802,
        "mean_hidden_delta": 3.578125,
        "hard_loop_var": 0.25,
        "soft_loop_var": 0.75,
        "c_t_var": 0.7103759050369263,
        "exit_score_var": 7.474473386537284e-05,
        "sampled_exit_score_var": 0.00015815535152796656,
        "two_step_improvement_mean": 0.07822266221046448,
        "self_check_mean": 0.5300537347793579
      },
      "stage2": {
        "losses": [
          25.602508544921875,
          25.19564437866211,
          24.478492736816406,
          24.561010360717773,
          21.277219772338867,
          22.1549129486084,
          21.51506805419922,
          21.538440704345703,
          18.82286834716797,
          20.38273811340332,
          19.299362182617188,
          20.138883590698242,
          16.621728897094727,
          18.46884536743164,
          17.27992820739746,
          18.097877502441406
        ],