{
  "fixture_path": "/home/kt/ai/minimind/artifacts/luma_stage12_hard_math_dialogue.json",
  "fixture_mode": "hard_math_dialogue",
  "rollout_steps": 5,
  "slow_k": 1,
  "reason_loops": 10,
  "enable_world_jepa": true,
  "world_jepa_mode": "full",
  "enable_self_check_ring": true,
  "num_samples": 8,
  "stage1": {
    "mean_kl": 1.5391631126403809,
    "mean_hidden_delta": 3.9375,
    "hard_loop_var": 1.484375,
    "soft_loop_var": 0.109375,
    "c_t_var": 0.744744062423706,
    "exit_score_var": 4.998726581106894e-05,
    "sampled_exit_score_var": 0.00027299748035147786,
    "two_step_improvement_mean": 0.17820173501968384,
    "self_check_mean": 0.5433157682418823
  },
  "stage2": {
    "losses": [
      25.616024017333984,
      24.392993927001953,
      24.088842391967773,
      25.055505752563477,
      23.56730842590332,
      24.233362197875977,
      24.188264846801758,
      23.97163200378418
    ],
    "self_losses": [
      0.796875,
      0.96484375,
      1.0703125,
      1.171875,
      0.9375,
      1.0234375,
      1.1171875,
      0.97265625
    ],
    "rollout_losses": [
      0.921875,
      1.0703125,
      0.75,
      0.73046875,
      0.72265625,
      0.71875,
      0.75390625,
      0.8359375
    ],
    "mean_delta_norm": 1.5693359375,
    "self_loss_head": 0.880859375,
    "self_loss_tail": 1.044921875,
    "self_rollout_head": 0.99609375,
    "self_rollout_tail": 0.794921875
  },
  "per_task": {
    "math": {
      "stage1": {
        "mean_kl": 1.4527368545532227,
        "mean_hidden_delta": 3.828125,
        "hard_loop_var": 1.4722222089767456,
        "soft_loop_var": 0.5555555820465088,
        "c_t_var": 0.8707431554794312,
        "exit_score_var": 6.797183596063405e-05,
        "sampled_exit_score_var": 0.00035921132075600326,
        "two_step_improvement_mean": 0.1348508894443512,
        "self_check_mean": 0.5361948013305664
      },
      "stage2": {
        "losses": [
          25.705867767333984,
          24.350568771362305,
          23.948200225830078,
          24.522382736206055
        ],
        "self_losses": [
          0.796875,
          1.078125,
          0.93359375,
          1.1171875
        ],
        "rollout_losses": [
          0.921875,
          0.7421875,
          0.6953125,
          0.7109375
        ],
        "mean_delta_norm": 1.4560546875,
        "self_loss_head": 0.9375,
        "self_loss_tail": 1.025390625,
        "self_rollout_head": 0.83203125,
        "self_rollout_tail": 0.703125
      }
    },
    "dialogue": {
      "stage1": {
        "mean_kl": 1.6317052841186523,
        "mean_hidden_delta": 4.125,
        "hard_loop_var": 0.9166666865348816,
        "soft_loop_var": 1.1388888359069824,
        "c_t_var": 0.6170168519020081,
        "exit_score_var": 5.300658813212067e-05,
        "sampled_exit_score_var": 0.0005300100310705602,
        "two_step_improvement_mean": 0.24084822833538055,
        "self_check_mean": 0.5367288589477539
      },
      "stage2": {
        "losses": [
          24.635183334350586,
          25.52225685119629,
          24.694416046142578,
          24.44038200378418
        ],
        "self_losses": [
          0.97265625,
          1.171875,
          1.0546875,
          1.015625
        ],
        "rollout_losses": [
          1.0859375,
          0.7421875,
          0.6796875,
          0.8828125
        ],
        "mean_delta_norm": 1.533203125,
        "self_loss_head": 1.072265625,
        "self_loss_tail": 1.03515625,
        "self_rollout_head": 0.9140625,
        "self_rollout_tail": 0.78125
      }
    },
    "mixed": {
      "stage1": {
        "mean_kl": 1.5391631126403809,
        "mean_hidden_delta": 3.9375,
        "hard_loop_var": 1.484375,
        "soft_loop_var": 0.109375,
        "c_t_var": 0.744744062423706,
        "exit_score_var": 4.998726581106894e-05,
        "sampled_exit_score_var": 0.00027299748035147786,
        "two_step_improvement_mean": 0.17820173501968384,
        "self_check_mean": 0.5433157682418823
      },
      "stage2": {
        "losses": [
          25.651180267333984,
          24.373464584350586,
          24.065404891967773,
          25.035993576049805
        ],
        "self_losses": [
          0.796875,
          0.9609375,
          1.0625,
          1.1640625
        ],
        "rollout_losses": [
          0.921875,
          1.0703125,
          0.75,
          0.73046875
        ],
        "mean_delta_norm": 1.595703125,
        "self_loss_head": 0.87890625,
        "self_loss_tail": 1.11328125,
        "self_rollout_head": 0.99609375,
        "self_rollout_tail": 0.740234375
      }
    }
  }
}