{
  "fixture_path": "/home/kt/ai/minimind/artifacts/luma_stage12_competition_math_dialogue.json",
  "fixture_mode": "competition_math_dialogue",
  "rollout_steps": 10,
  "slow_k": 1,
  "reason_loops": 15,
  "enable_world_jepa": true,
  "world_jepa_mode": "full",
  "enable_self_check_ring": true,
  "num_samples": 8,
  "stage1": {
    "mean_kl": 1.6365033388137817,
    "mean_hidden_delta": 4.0625,
    "hard_loop_var": 4.5,
    "soft_loop_var": 0.109375,
    "c_t_var": 0.7513080835342407,
    "exit_score_var": 0.00010357455175835639,
    "sampled_exit_score_var": 0.0003053058171644807,
    "two_step_improvement_mean": 0.08322618901729584,
    "self_check_mean": 0.5360853672027588
  },
  "stage2": {
    "losses": [
      24.676259994506836,
      24.405235290527344,
      24.481443405151367,
      25.179943084716797,
      22.567781448364258,
      24.354022979736328,
      21.66362190246582,
      23.772985458374023,
      19.182004928588867,
      20.417715072631836,
      20.25524139404297,
      21.598093032836914,
      19.48604965209961,
      21.036027908325195,
      19.018199920654297,
      21.09816551208496
    ],
    "self_losses": [
      1.015625,
      0.96484375,
      1.1796875,
      1.1640625,
      1.046875,
      1.0390625,
      1.125,
      0.87109375,
      1.0078125,
      0.72265625,
      0.94140625,
      1.0,
      0.9609375,
      0.99609375,
      1.015625,
      0.79296875
    ],
    "rollout_losses": [
      0.7734375,
      1.1171875,
      0.7109375,
      0.8046875,
      0.828125,
      0.76171875,
      0.8515625,
      0.984375,
      0.6875,
      1.0078125,
      0.7421875,
      0.9140625,
      0.8984375,
      0.6796875,
      0.90234375,
      1.03125
    ],
    "mean_delta_norm": 1.4736328125,
    "self_loss_head": 0.990234375,
    "self_loss_tail": 0.904296875,
    "self_rollout_head": 0.9453125,
    "self_rollout_tail": 0.966796875
  },
  "per_task": {
    "math": {
      "stage1": {
        "mean_kl": 1.7123831510543823,
        "mean_hidden_delta": 4.21875,
        "hard_loop_var": 3.75,
        "soft_loop_var": 0.484375,
        "c_t_var": 0.7700943946838379,
        "exit_score_var": 7.295663090189919e-05,
        "sampled_exit_score_var": 0.0002833227626979351,
        "two_step_improvement_mean": 0.10440132021903992,
        "self_check_mean": 0.5093004107475281
      },
      "stage2": {
        "losses": [
          24.582509994506836,
          24.729280471801758,
          22.962743759155273,
          22.039403915405273,
          25.537277221679688,
          23.758142471313477,
          22.67746353149414,
          21.823530197143555
        ],
        "self_losses": [
          1.015625,
          1.171875,
          1.015625,
          1.1328125,
          0.93359375,
          1.078125,
          1.015625,
          1.0625
        ],
        "rollout_losses": [
          0.7734375,
          0.73828125,
          0.828125,
          0.8671875,
          0.98046875,
          0.69140625,
          0.640625,
          0.57421875
        ],
        "mean_delta_norm": 1.10498046875,
        "self_loss_head": 1.09375,
        "self_loss_tail": 1.0390625,
        "self_rollout_head": 0.755859375,
        "self_rollout_tail": 0.607421875
      }
    },
    "dialogue": {
      "stage1": {
        "mean_kl": 1.8079073429107666,
        "mean_hidden_delta": 4.4375,
        "hard_loop_var": 4.734375,
        "soft_loop_var": 2.0,
        "c_t_var": 0.5348777770996094,
        "exit_score_var": 7.578772056149319e-05,
        "sampled_exit_score_var": 0.0005256653530523181,
        "two_step_improvement_mean": 0.05655438452959061,
        "self_check_mean": 0.5370582342147827
      },
      "stage2": {
        "losses": [
          24.631364822387695,
          25.505123138427734,
          24.68372344970703,
          24.426755905151367,
          24.66710662841797,
          24.94088363647461,
          21.812009811401367,
          23.29745864868164
        ],
        "self_losses": [
          0.97265625,
          1.171875,
          1.0703125,
          1.0234375,
          1.0703125,
          0.92578125,
          0.92578125,
          1.015625
        ],
        "rollout_losses": [
          1.0859375,
          0.74609375,
          0.6796875,
          0.87109375,
          0.78125,
          0.875,
          0.69921875,
          0.7265625
        ],
        "mean_delta_norm": 1.501953125,
        "self_loss_head": 1.072265625,
        "self_loss_tail": 0.970703125,
        "self_rollout_head": 0.916015625,
        "self_rollout_tail": 0.712890625
      }
    },
    "mixed": {
      "stage1": {
        "mean_kl": 1.6365033388137817,
        "mean_hidden_delta": 4.0625,
        "hard_loop_var": 4.5,
        "soft_loop_var": 0.1875,
        "c_t_var": 0.7513080835342407,
        "exit_score_var": 0.00010357455175835639,
        "sampled_exit_score_var": 0.0003053058171644807,
        "two_step_improvement_mean": 0.08322618901729584,
        "self_check_mean": 0.5360853672027588
      },
      "stage2": {
        "losses": [
          24.668447494506836,
          24.405202865600586,
          24.465578079223633,
          25.17559051513672,
          22.601682662963867,
          24.39502716064453,
          21.661678314208984,
          23.89547348022461
        ],
        "self_losses": [
          1.015625,
          0.96875,
          1.1796875,
          1.1640625,
          1.0546875,
          1.0546875,
          1.1328125,
          0.8828125
        ],
        "rollout_losses": [
          0.7734375,
          1.125,
          0.7109375,
          0.8046875,
          0.86328125,
          0.7734375,
          0.85546875,
          1.1015625
        ],
        "mean_delta_norm": 1.37451171875,
        "self_loss_head": 0.9921875,
        "self_loss_tail": 1.0078125,
        "self_rollout_head": 0.94921875,
        "self_rollout_tail": 0.978515625
      }
    }
  }
}