{
  "fixture_path": "/home/kt/ai/minimind/artifacts/luma_stage12_hard_math_dialogue.json",
  "fixture_mode": "hard_math_dialogue",
  "rollout_steps": 4,
  "slow_k": 1,
  "reason_loops": 8,
  "enable_world_jepa": true,
  "world_jepa_mode": "scaffold",
  "enable_self_check_ring": false,
  "num_samples": 8,
  "stage1": {
    "mean_kl": 1.635919451713562,
    "mean_hidden_delta": 4.0,
    "hard_loop_var": 0.4375,
    "soft_loop_var": 0.109375,
    "c_t_var": 0.7738290429115295,
    "exit_score_var": 6.23396408627741e-05,
    "sampled_exit_score_var": 0.00015292024181690067,
    "two_step_improvement_mean": 0.2005615234375,
    "self_check_mean": 0.5
  },
  "stage2": {
    "losses": [
      24.5,
      24.5,
      24.0,
      23.5,
      25.125,
      24.625,
      24.375,
      24.875
    ],
    "self_losses": [
      0.77734375,
      0.953125,
      1.046875,
      1.15625,
      0.875,
      1.078125,
      0.8828125,
      1.21875
    ],
    "rollout_losses": [
      0.81640625,
      1.015625,
      0.79296875,
      0.73046875,
      0.71875,
      0.64453125,
      0.78515625,
      0.87109375
    ],
    "mean_delta_norm": 1.4443359375,
    "self_loss_head": 0.865234375,
    "self_loss_tail": 1.05078125,
    "self_rollout_head": 0.916015625,
    "self_rollout_tail": 0.828125
  }
}