{
  "fixture_path": "/home/kt/ai/minimind/artifacts/luma_stage12_competition_math_dialogue_emotion.json",
  "fixture_mode": "competition_math_dialogue_emotion",
  "rollout_steps": 10,
  "slow_k": 1,
  "reason_loops": 15,
  "enable_world_jepa": true,
  "world_jepa_mode": "full",
  "enable_self_check_ring": true,
  "reason_width_mult": 1.5,
  "num_samples": 4,
  "stage1": {
    "mean_kl": 1.5769221782684326,
    "mean_hidden_delta": 3.921875,
    "hard_loop_var": 2.0,
    "soft_loop_var": 0.1875,
    "c_t_var": 0.6384584903717041,
    "exit_score_var": 4.0728511521592736e-05,
    "sampled_exit_score_var": 0.00043016113340854645,
    "two_step_improvement_mean": 0.18608322739601135,
    "self_check_mean": 0.532753586769104
  },
  "stage2": {
    "losses": [
      25.155733108520508,
      24.060611724853516,
      23.33151626586914,
      23.93034553527832,
      14.86121940612793,
      13.488147735595703,
      12.362748146057129,
      13.955493927001953,
      7.74789571762085,
      7.008006572723389,
      7.553152561187744,
      7.5178022384643555,
      3.701406717300415,
      3.1858603954315186,
      3.906515598297119,
      3.7854132652282715,
      2.2732319831848145,
      1.8303039073944092,
      2.150545835494995,
      1.6509180068969727,
      1.573136806488037,
      1.4453390836715698,
      1.4851938486099243,
      1.1290725469589233,
      1.2688485383987427,
      1.2140130996704102,
      1.0892314910888672,
      1.2197166681289673,
      1.29207444190979,
      1.1176854372024536,
      1.1305527687072754,
      0.9472600221633911,
      1.1881864070892334,
      1.0606404542922974,
      1.173831582069397,
      1.1548713445663452,
      0.9754242300987244,
      0.8895109295845032,
      1.0605583190917969,
      0.9137181043624878,
      0.9548084735870361,
      0.8288984894752502,
      1.1201326847076416,
      0.9911389946937561,
      1.1177235841751099,
      0.7730189561843872,
      1.0740149021148682,
      0.9067531228065491,
      0.9945512413978577,
      0.9077624678611755,
      1.2948825359344482,
      0.9275515675544739,
      0.9367221593856812,
      0.8577371835708618,
      1.0081775188446045,
      0.81419438123703,
      0.8553473353385925,
      0.7776998281478882,
      1.13112473487854,
      0.8624678254127502,
      0.8221741914749146,
      0.7368216514587402,
      1.0495740175247192,
      0.922637403011322
    ],
    "self_losses": [
      1.03125,
      0.9609375,
      1.015625,
      1.0,
      1.0078125,
      0.62109375,
      0.9296875,
      0.86328125,
      0.8125,
      0.39453125,
      0.71484375,
      0.470703125,
      0.4765625,
      0.265625,
      0.58984375,
      0.31640625,
      0.53515625,
      0.240234375,
      0.4453125,
      0.203125,
      0.423828125,
      0.279296875,
      0.419921875,
      0.177734375,
      0.365234375,
      0.1953125,
      0.3046875,
      0.2265625,
      0.298828125,
      0.25,
      0.2412109375,
      0.19140625,
      0.228515625,
      0.1982421875,
      0.2119140625,
      0.2373046875,
      0.1962890625,
      0.1220703125,
      0.197265625,
      0.2451171875,
      0.1611328125,
      0.1240234375,
      0.19140625,
      0.1962890625,
      0.1689453125,
      0.10498046875,
      0.17578125,
      0.1435546875,
      0.2158203125,
      0.10693359375,
      0.203125,
      0.12060546875,
      0.1259765625,
      0.13671875,
      0.17578125,
      0.12109375,
      0.1318359375,
      0.126953125,
      0.17578125,
      0.142578125,
      0.1328125,
      0.126953125,
      0.162109375,
      0.1484375
    ],
    "rollout_losses": [
      0.88671875,
      0.93359375,
      0.9921875,
      0.73828125,
      0.6484375,
      0.49609375,
      0.73828125,
      0.6015625,
      0.578125,
      0.19140625,
      0.78125,
      0.37890625,
      0.328125,
      0.1640625,
      0.48046875,
      0.22265625,
      0.36328125,
      0.16015625,
      0.34375,
      0.2578125,
      0.34765625,
      0.1640625,
      0.2890625,
      0.2734375,
      0.34765625,
      0.18359375,
      0.19140625,
      0.2890625,
      0.31640625,
      0.26171875,
      0.23828125,
      0.24609375,
      0.25,
      0.17578125,
      0.34765625,
      0.28515625,
      0.21484375,
      0.09375,
      0.3671875,
      0.26171875,
      0.15234375,
      0.0859375,
      0.375,
      0.16796875,
      0.13671875,
      0.07421875,
      0.3515625,
      0.11328125,
      0.16796875,
      0.140625,
      0.421875,
      0.1015625,
      0.1328125,
      0.2265625,
      0.359375,
      0.0859375,
      0.13671875,
      0.15234375,
      0.34375,
      0.109375,
      0.140625,
      0.1875,
      0.3984375,
      0.109375
    ],
    "mean_delta_norm": 7.224365234375,
    "self_loss_head": 0.99609375,
    "self_loss_tail": 0.1552734375,
    "self_rollout_head": 0.91015625,
    "self_rollout_tail": 0.25390625
  },
  "per_task": {
    "math": {
      "stage1": {
        "mean_kl": 1.6182186603546143,
        "mean_hidden_delta": 4.0625,
        "hard_loop_var": 11.1875,
        "soft_loop_var": 0.1875,
        "c_t_var": 0.562716007232666,
        "exit_score_var": 0.00024249771377071738,
        "sampled_exit_score_var": 0.0007008147076703608,
        "two_step_improvement_mean": 0.122829869389534,
        "self_check_mean": 0.5669142603874207
      },
      "stage2": {
        "losses": [
          25.171358108520508,
          23.841590881347656,
          24.00221824645996,
          21.62028694152832,
          14.603425979614258,
          12.74897575378418,
          13.536932945251465,
          12.234264373779297,
          7.665889739990234,
          7.498034477233887,
          7.666098117828369,
          6.959480285644531,
          3.8655731678009033,
          3.865311861038208,
          3.8712151050567627,
          3.4554426670074463,
          2.123152256011963,
          2.0861644744873047,
          2.2499656677246094,
          1.6527700424194336,
          1.5351625680923462,
          1.3068301677703857,
          1.4998661279678345,
          1.0277389287948608,
          1.3006954193115234,
          1.2252134084701538,
          1.2573596239089966,
          0.8940036296844482,
          0.9222286939620972,
          1.0640504360198975,
          1.2654633522033691,
          0.9664800763130188
        ],
        "self_losses": [
          1.03125,
          1.1640625,
          0.796875,
          1.0234375,
          0.9453125,
          0.90625,
          0.890625,
          0.76953125,
          0.58984375,
          0.5234375,
          0.61328125,
          0.466796875,
          0.451171875,
          0.365234375,
          0.404296875,
          0.333984375,
          0.3046875,
          0.2265625,
          0.3359375,
          0.197265625,
          0.2734375,
          0.2109375,
          0.302734375,
          0.138671875,
          0.271484375,
          0.1923828125,
          0.2255859375,
          0.1337890625,
          0.25,
          0.1845703125,
          0.2490234375,
          0.1318359375
        ],
        "rollout_losses": [
          0.88671875,
          0.77734375,
          0.98828125,
          0.79296875,
          0.6875,
          0.65234375,
          0.80078125,
          0.7734375,
          0.453125,
          0.6875,
          0.7265625,
          0.49609375,
          0.41015625,
          0.41015625,
          0.578125,
          0.30859375,
          0.2421875,
          0.26953125,
          0.45703125,
          0.1796875,
          0.234375,
          0.23828125,
          0.4140625,
          0.14453125,
          0.23046875,
          0.2421875,
          0.38671875,
          0.13671875,
          0.1875,
          0.1875,
          0.37109375,
          0.1171875
        ],
        "mean_delta_norm": 5.8436279296875,
        "self_loss_head": 1.09765625,
        "self_loss_tail": 0.1904296875,
        "self_rollout_head": 0.83203125,