{
  "fixture_path": "/home/kt/ai/minimind/artifacts/luma_stage12_competition_math_dialogue.json",
  "fixture_mode": "competition_math_dialogue",
  "rollout_steps": 10,
  "slow_k": 1,
  "reason_loops": 15,
  "enable_world_jepa": true,
  "world_jepa_mode": "scaffold",
  "enable_self_check_ring": true,
  "num_samples": 8,
  "stage1": {
    "mean_kl": 1.719201922416687,
    "mean_hidden_delta": 4.1875,
    "hard_loop_var": 7.234375,
    "soft_loop_var": 0.109375,
    "c_t_var": 0.7708313465118408,
    "exit_score_var": 0.00010986891720676795,
    "sampled_exit_score_var": 0.0003847204498015344,
    "two_step_improvement_mean": 0.09256529808044434,
    "self_check_mean": 0.5265085101127625
  },
  "stage2": {
    "losses": [
      25.756589889526367,
      24.758764266967773,
      23.75955581665039,
      23.88160514831543,
      23.009641647338867,
      22.383939743041992,
      22.75879669189453,
      23.883628845214844,
      20.009153366088867,
      20.63369369506836,
      20.25863265991211,
      20.63343048095703,
      19.884437561035156,
      19.383651733398438,
      20.008831024169922,
      20.759510040283203
    ],
    "self_losses": [
      1.015625,
      0.90234375,
      1.0703125,
      1.2109375,
      0.95703125,
      1.0234375,
      1.09375,
      1.046875,
      0.9921875,
      0.625,
      0.890625,
      1.046875,
      0.84375,
      0.96875,
      1.0234375,
      1.0859375
    ],
    "rollout_losses": [
      0.7734375,
      0.94140625,
      0.72265625,
      0.78125,
      0.796875,
      0.7265625,
      0.80078125,
      0.83203125,
      0.6796875,
      0.99609375,
      0.7578125,
      0.72265625,
      0.8515625,
      0.703125,
      0.7421875,
      0.69140625
    ],
    "mean_delta_norm": 1.352783203125,
    "self_loss_head": 0.958984375,
    "self_loss_tail": 1.0546875,
    "self_rollout_head": 0.857421875,
    "self_rollout_tail": 0.716796875
  },
  "per_task": {
    "math": {
      "stage1": {
        "mean_kl": 1.768784523010254,
        "mean_hidden_delta": 4.375,
        "hard_loop_var": 5.1875,
        "soft_loop_var": 0.484375,
        "c_t_var": 0.7565765380859375,
        "exit_score_var": 4.755263580591418e-05,
        "sampled_exit_score_var": 0.0003082553739659488,
        "two_step_improvement_mean": 0.12338325381278992,
        "self_check_mean": 0.4853556454181671
      },
      "stage2": {
        "losses": [
          25.756589889526367,
          24.009769439697266,
          23.509645462036133,
          23.2587890625,
          23.259204864501953,
          23.259296417236328,
          22.759506225585938,
          22.50885772705078
        ],
        "self_losses": [
          1.015625,
          1.0859375,
          1.0078125,
          1.1328125,
          0.9453125,
          1.09375,
          1.0234375,
          0.98828125
        ],
        "rollout_losses": [
          0.7734375,
          0.70703125,
          0.8359375,
          0.7890625,
          0.8515625,
          0.625,
          0.6484375,
          0.66796875
        ],
        "mean_delta_norm": 1.3037109375,
        "self_loss_head": 1.05078125,
        "self_loss_tail": 1.005859375,
        "self_rollout_head": 0.740234375,
        "self_rollout_tail": 0.658203125
      }
    },
    "dialogue": {
      "stage1": {
        "mean_kl": 1.8808419704437256,
        "mean_hidden_delta": 4.4375,
        "hard_loop_var": 6.359375,
        "soft_loop_var": 2.0,
        "c_t_var": 0.5362682342529297,
        "exit_score_var": 8.430000161752105e-05,
        "sampled_exit_score_var": 0.0005410912563093007,
        "two_step_improvement_mean": 0.11176779121160507,
        "self_check_mean": 0.5315048694610596
      },
      "stage2": {
        "losses": [
          25.007966995239258,
          23.880958557128906,
          22.258867263793945,
          23.882627487182617,
          23.630905151367188,
          22.38429069519043,
          22.758108139038086,
          20.38251495361328
        ],
        "self_losses": [
          0.97265625,
          1.234375,
          1.0546875,
          1.0625,
          1.0546875,
          1.0234375,
          0.890625,
          1.1015625
        ],
        "rollout_losses": [
          1.0859375,
          0.796875,
          0.7109375,
          0.8203125,
          0.73046875,
          0.8359375,
          0.84375,
          0.6875
        ],
        "mean_delta_norm": 1.328125,
        "self_loss_head": 1.103515625,
        "self_loss_tail": 0.99609375,
        "self_rollout_head": 0.94140625,
        "self_rollout_tail": 0.765625
      }
    },
    "mixed": {
      "stage1": {
        "mean_kl": 1.719201922416687,
        "mean_hidden_delta": 4.1875,
        "hard_loop_var": 7.234375,
        "soft_loop_var": 0.1875,
        "c_t_var": 0.7708313465118408,
        "exit_score_var": 0.00010986891720676795,
        "sampled_exit_score_var": 0.0003847204498015344,
        "two_step_improvement_mean": 0.09256529808044434,
        "self_check_mean": 0.5265085101127625
      },
      "stage2": {
        "losses": [
          25.756589889526367,
          24.88269805908203,
          23.634523391723633,
          23.881778717041016,
          23.134572982788086,
          22.38395118713379,
          22.758785247802734,
          23.88344955444336
        ],
        "self_losses": [
          1.015625,
          0.96484375,
          1.0390625,
          1.21875,
          0.96484375,
          1.0390625,
          1.109375,
          1.03125
        ],
        "rollout_losses": [
          0.7734375,
          1.0390625,
          0.71875,
          0.7734375,
          0.80078125,
          0.73828125,
          0.80078125,
          0.8203125
        ],
        "mean_delta_norm": 1.2568359375,
        "self_loss_head": 0.990234375,
        "self_loss_tail": 1.0703125,
        "self_rollout_head": 0.90625,
        "self_rollout_tail": 0.810546875
      }
    }
  }
}