{
  "fixture_path": "/home/kt/ai/minimind/artifacts/luma_stage12_competition_math_dialogue.json",
  "fixture_mode": "competition_math_dialogue",
  "rollout_steps": 10,
  "slow_k": 1,
  "reason_loops": 20,
  "enable_world_jepa": true,
  "world_jepa_mode": "scaffold",
  "enable_self_check_ring": true,
  "num_samples": 8,
  "stage1": {
    "mean_kl": 1.465517520904541,
    "mean_hidden_delta": 3.75,
    "hard_loop_var": 1.484375,
    "soft_loop_var": 0.109375,
    "c_t_var": 0.7204350233078003,
    "exit_score_var": 6.507468060590327e-05,
    "sampled_exit_score_var": 0.00021021127759013325,
    "two_step_improvement_mean": 0.20055222511291504,
    "self_check_mean": 0.5362433195114136
  },
  "stage2": {
    "losses": [
      25.760982513427734,
      24.885498046875,
      23.635942459106445,
      23.760408401489258,
      23.135868072509766,
      22.51059913635254,
      22.76074981689453,
      23.885953903198242
    ],
    "self_losses": [
      1.0234375,
      0.96875,
      1.046875,
      1.2265625,
      0.921875,
      1.0859375,
      1.109375,
      1.0703125
    ],
    "rollout_losses": [
      0.80859375,
      1.03125,
      0.74609375,
      0.8515625,
      0.8984375,
      0.83984375,
      0.7890625,
      0.859375
    ],
    "mean_delta_norm": 1.5556640625,
    "self_loss_head": 0.99609375,
    "self_loss_tail": 1.08984375,
    "self_rollout_head": 0.919921875,
    "self_rollout_tail": 0.82421875
  },
  "per_task": {
    "math": {
      "stage1": {
        "mean_kl": 1.530729055404663,
        "mean_hidden_delta": 3.9375,
        "hard_loop_var": 1.25,
        "soft_loop_var": 0.234375,
        "c_t_var": 0.7793035507202148,
        "exit_score_var": 2.478546230122447e-05,
        "sampled_exit_score_var": 0.00021744237164966762,
        "two_step_improvement_mean": 0.20940931141376495,
        "self_check_mean": 0.496639609336853
      },
      "stage2": {
        "losses": [
          25.760982513427734,
          24.010828018188477,
          23.51104164123535,
          23.135709762573242
        ],
        "self_losses": [
          1.0234375,
          1.140625,
          1.0234375,
          1.1328125
        ],
        "rollout_losses": [
          0.80859375,
          0.76953125,
          0.859375,
          0.79296875
        ],
        "mean_delta_norm": 1.412109375,
        "self_loss_head": 1.08203125,
        "self_loss_tail": 1.078125,
        "self_rollout_head": 0.7890625,
        "self_rollout_tail": 0.826171875
      }
    },
    "dialogue": {
      "stage1": {
        "mean_kl": 1.6116819381713867,
        "mean_hidden_delta": 4.0,
        "hard_loop_var": 0.5,
        "soft_loop_var": 0.5,
        "c_t_var": 0.6371042132377625,
        "exit_score_var": 2.4131239115376957e-05,
        "sampled_exit_score_var": 0.00032062266836874187,
        "two_step_improvement_mean": 0.18812663853168488,
        "self_check_mean": 0.5320230722427368
      },
      "stage2": {
        "losses": [
          25.010412216186523,
          23.88580894470215,
          22.510459899902344,
          24.010637283325195
        ],
        "self_losses": [
          0.97265625,
          1.234375,
          1.0859375,
          1.1015625
        ],
        "rollout_losses": [
          1.0859375,
          0.796875,
          0.80078125,
          0.91015625
        ],
        "mean_delta_norm": 1.681640625,
        "self_loss_head": 1.103515625,
        "self_loss_tail": 1.09375,
        "self_rollout_head": 0.94140625,
        "self_rollout_tail": 0.85546875
      }
    },
    "mixed": {
      "stage1": {
        "mean_kl": 1.465517520904541,
        "mean_hidden_delta": 3.75,
        "hard_loop_var": 1.484375,
        "soft_loop_var": 0.109375,
        "c_t_var": 0.7204350233078003,
        "exit_score_var": 6.507468060590327e-05,
        "sampled_exit_score_var": 0.00021021127759013325,
        "two_step_improvement_mean": 0.20055222511291504,
        "self_check_mean": 0.5362433195114136
      },
      "stage2": {
        "losses": [
          25.760982513427734,
          24.885406494140625,
          23.635900497436523,
          23.760408401489258
        ],
        "self_losses": [
          1.0234375,
          0.9609375,
          1.0546875,
          1.21875
        ],
        "rollout_losses": [
          0.80859375,
          1.0390625,
          0.74609375,
          0.84765625
        ],
        "mean_delta_norm": 1.513671875,
        "self_loss_head": 0.9921875,
        "self_loss_tail": 1.13671875,
        "self_rollout_head": 0.923828125,
        "self_rollout_tail": 0.796875
      }
    }
  }
}