{
  "fixture_path": "/home/kt/ai/minimind/artifacts/luma_stage12_hard_math_dialogue.json",
  "fixture_mode": "hard_math_dialogue",
  "rollout_steps": 5,
  "slow_k": 1,
  "reason_loops": 10,
  "enable_world_jepa": true,
  "world_jepa_mode": "scaffold",
  "enable_self_check_ring": true,
  "num_samples": 8,
  "stage1": {
    "mean_kl": 1.6570074558258057,
    "mean_hidden_delta": 4.125,
    "hard_loop_var": 0.984375,
    "soft_loop_var": 0.109375,
    "c_t_var": 0.7874501347541809,
    "exit_score_var": 5.6670480262255296e-05,
    "sampled_exit_score_var": 0.00021665560780093074,
    "two_step_improvement_mean": 0.18710240721702576,
    "self_check_mean": 0.4791428744792938
  },
  "stage2": {
    "losses": [
      24.385761260986328,
      24.635150909423828,
      23.135427474975586,
      23.635637283325195,
      22.51060676574707,
      22.260761260986328,
      23.511028289794922,
      23.63551139831543
    ],
    "self_losses": [
      0.77734375,
      0.9921875,
      1.09375,
      1.25,
      0.95703125,
      1.0703125,
      0.9453125,
      1.0546875
    ],
    "rollout_losses": [
      0.84765625,
      1.078125,
      0.72265625,
      0.74609375,
      0.66796875,
      0.71484375,
      0.56640625,
      0.84375
    ],
    "mean_delta_norm": 1.34765625,
    "self_loss_head": 0.884765625,
    "self_loss_tail": 1.0,
    "self_rollout_head": 0.962890625,
    "self_rollout_tail": 0.705078125
  },
  "per_task": {
    "math": {
      "stage1": {
        "mean_kl": 1.5675194263458252,
        "mean_hidden_delta": 4.03125,
        "hard_loop_var": 1.2222222089767456,
        "soft_loop_var": 0.5555555820465088,
        "c_t_var": 0.885245680809021,
        "exit_score_var": 5.146258990862407e-05,
        "sampled_exit_score_var": 0.00026426310068927705,
        "two_step_improvement_mean": 0.15581753849983215,
        "self_check_mean": 0.444537490606308
      },
      "stage2": {
        "losses": [
          24.385761260986328,
          23.26039695739746,
          22.885560989379883,
          23.885868072509766
        ],
        "self_losses": [
          0.77734375,
          1.0859375,
          0.96875,
          1.015625
        ],
        "rollout_losses": [
          0.84765625,
          0.734375,
          0.6875,
          0.5625
        ],
        "mean_delta_norm": 1.2265625,
        "self_loss_head": 0.931640625,
        "self_loss_tail": 0.9921875,
        "self_rollout_head": 0.791015625,
        "self_rollout_tail": 0.625
      }
    },
    "dialogue": {
      "stage1": {
        "mean_kl": 1.7119306325912476,
        "mean_hidden_delta": 4.125,
        "hard_loop_var": 0.5555555820465088,
        "soft_loop_var": 1.1388888359069824,
        "c_t_var": 0.6414235830307007,
        "exit_score_var": 6.0376627516234294e-05,
        "sampled_exit_score_var": 0.0005067753954790533,
        "two_step_improvement_mean": 0.23174914717674255,
        "self_check_mean": 0.5398709177970886
      },
      "stage2": {
        "losses": [
          25.01020622253418,
          23.88556480407715,
          22.260711669921875,
          24.010677337646484
        ],
        "self_losses": [
          0.97265625,
          1.234375,
          1.0546875,
          1.0859375
        ],
        "rollout_losses": [
          1.0859375,
          0.79296875,
          0.7109375,
          0.828125
        ],
        "mean_delta_norm": 1.4765625,
        "self_loss_head": 1.103515625,
        "self_loss_tail": 1.0703125,
        "self_rollout_head": 0.939453125,
        "self_rollout_tail": 0.76953125
      }
    },
    "mixed": {
      "stage1": {
        "mean_kl": 1.6570074558258057,
        "mean_hidden_delta": 4.125,
        "hard_loop_var": 0.984375,
        "soft_loop_var": 0.109375,
        "c_t_var": 0.7874501347541809,
        "exit_score_var": 5.6670480262255296e-05,
        "sampled_exit_score_var": 0.00021665560780093074,
        "two_step_improvement_mean": 0.18710240721702576,
        "self_check_mean": 0.4791428744792938
      },
      "stage2": {
        "losses": [
          24.385761260986328,
          24.635101318359375,
          23.26045799255371,
          23.635637283325195
        ],
        "self_losses": [
          0.77734375,
          0.99609375,
          1.0859375,
          1.25
        ],
        "rollout_losses": [
          0.84765625,
          1.09375,
          0.7109375,
          0.75
        ],
        "mean_delta_norm": 1.50390625,
        "self_loss_head": 0.88671875,
        "self_loss_tail": 1.16796875,
        "self_rollout_head": 0.970703125,
        "self_rollout_tail": 0.73046875
      }
    }
  }
}