{
  "fixture_path": "/home/kt/ai/minimind/artifacts/luma_stage12_hard_math_dialogue.json",
  "fixture_mode": "hard_math_dialogue",
  "rollout_steps": 4,
  "slow_k": 1,
  "reason_loops": 8,
  "enable_world_jepa": true,
  "world_jepa_mode": "full",
  "enable_self_check_ring": true,
  "num_samples": 8,
  "stage1": {
    "mean_kl": 1.47536301612854,
    "mean_hidden_delta": 3.84375,
    "hard_loop_var": 0.75,
    "soft_loop_var": 0.109375,
    "c_t_var": 0.7762953042984009,
    "exit_score_var": 4.153362533543259e-05,
    "sampled_exit_score_var": 0.00023418807541020215,
    "two_step_improvement_mean": 0.18215332925319672,
    "self_check_mean": 0.5420125126838684
  },
  "stage2": {
    "losses": [
      25.616024017333984,
      24.392993927001953,
      24.1218204498291,
      25.03026580810547,
      23.56730079650879,
      24.241159439086914,
      24.166908264160156,
      23.94831085205078
    ],
    "self_losses": [
      0.796875,
      0.96484375,
      1.078125,
      1.171875,
      0.9375,
      1.03125,
      1.1171875,
      0.97265625
    ],
    "rollout_losses": [
      0.921875,
      1.0703125,
      0.78515625,
      0.6796875,
      0.72265625,
      0.71875,
      0.7109375,
      0.796875
    ],
    "mean_delta_norm": 1.60693359375,
    "self_loss_head": 0.880859375,
    "self_loss_tail": 1.044921875,
    "self_rollout_head": 0.99609375,
    "self_rollout_tail": 0.75390625
  }
}