{
  "phase": 5,
  "total_steps": 1501,
  "final_dod_rank": 3,
  "final_energy_mode1_pct": 96.75,
  "final_dmd_spectral_radius": 0.108931,
  "dod_rank_trajectory": [
    3,
    3,
    3,
    3,
    3,
    3,
    3,
    3,
    3
  ],
  "energy_mode1_pct_trajectory": [
    87.7,
    83.9,
    76.0,
    66.0,
    75.9,
    72.3,
    65.4,
    96.8,
    96.8
  ],
  "dmd_spectral_radius_trajectory": [
    0.8596,
    0.635,
    0.5737,
    0.5662,
    0.5992,
    0.3733,
    0.4119,
    0.1089,
    0.1089
  ],
  "ct_dmd_spectral_radius_trajectory": [
    0.9379,
    0.8623,
    0.8082,
    0.7305,
    0.7971,
    0.6873,
    0.6977,
    0.7191,
    0.7191
  ],
  "verdict": "FAIL: dod_rank=3 < target 5, mode1=96.8%",
  "full_snapshots": [
    {
      "window_steps": 200,
      "first_step": 1,
      "last_step": 200,
      "pod": {
        "effective_rank": 3,
        "energy_top5_pct": [
          87.71,
          9.23,
          3.06
        ],
        "sv_top5": [
          4.4518,
          1.4441,
          0.8312
        ],
        "energy_mode1_pct": 87.71,
        "total_energy": 22.594568
      },
      "dmd": {
        "spectral_radius": 0.859594,
        "stable": true,
        "eig_mags_top5": [
          0.8596,
          0.337
        ]
      },
      "dod_rank": 3,
      "energy_mode1_pct": 87.71,
      "dmd_spectral_radius": 0.859594
    },
    {
      "window_steps": 200,
      "first_step": 201,
      "last_step": 400,
      "pod": {
        "effective_rank": 3,
        "energy_top5_pct": [
          83.91,
          14.48,
          1.61
        ],
        "sv_top5": [
          0.8141,
          0.3381,
          0.1129
        ],
        "energy_mode1_pct": 83.91,
        "total_energy": 0.7899
      },
      "dmd": {
        "spectral_radius": 0.635009,
        "stable": true,
        "eig_mags_top5": [
          0.635,
          0.1302
        ]
      },
      "dod_rank": 3,
      "energy_mode1_pct": 83.91,
      "dmd_spectral_radius": 0.635009
    },
    {
      "window_steps": 200,
      "first_step": 401,
      "last_step": 600,
      "pod": {
        "effective_rank": 3,
        "energy_top5_pct": [
          76.01,
          23.09,
          0.9
        ],
        "sv_top5": [
          0.6159,
          0.3395,
          0.0671
        ],
        "energy_mode1_pct": 76.01,
        "total_energy": 0.499009
      },
      "dmd": {
        "spectral_radius": 0.573677,
        "stable": true,
        "eig_mags_top5": [
          0.5737,
          0.0163
        ]
      },
      "dod_rank": 3,
      "energy_mode1_pct": 76.01,
      "dmd_spectral_radius": 0.573677
    },
    {
      "window_steps": 200,
      "first_step": 601,
      "last_step": 800,
      "pod": {
        "effective_rank": 3,
        "energy_top5_pct": [
          65.95,
          31.98,
          2.06
        ],
        "sv_top5": [
          0.4587,
          0.3195,
          0.0811
        ],
        "energy_mode1_pct": 65.95,
        "total_energy": 0.319087
      },
      "dmd": {
        "spectral_radius": 0.56618,
        "stable": true,
        "eig_mags_top5": [
          0.5662,
          0.0915
        ]
      },
      "dod_rank": 3,
      "energy_mode1_pct": 65.95,
      "dmd_spectral_radius": 0.56618
    },
    {
      "window_steps": 200,
      "first_step": 801,
      "last_step": 1000,
      "pod": {
        "effective_rank": 3,
        "energy_top5_pct": [
          75.86,
          21.64,
          2.5
        ],
        "sv_top5": [
          0.3927,
          0.2097,
          0.0713
        ],
        "energy_mode1_pct": 75.86,
        "total_energy": 0.203276
      },
      "dmd": {
        "spectral_radius": 0.599238,
        "stable": true,
        "eig_mags_top5": [
          0.5992,
          0.0356
        ]
      },
      "dod_rank": 3,
      "energy_mode1_pct": 75.86,
      "dmd_spectral_radius": 0.599238
    },
    {
      "window_steps": 200,
      "first_step": 1001,
      "last_step": 1200,
      "pod": {
        "effective_rank": 3,
        "energy_top5_pct": [
          72.35,
          16.5,
          11.15
        ],
        "sv_top5": [
          0.4305,
          0.2056,
          0.169
        ],
        "energy_mode1_pct": 72.35,
        "total_energy": 0.256171
      },
      "dmd": {
        "spectral_radius": 0.373305,
        "stable": true,
        "eig_mags_top5": [
          0.3733,
          0.0382
        ]
      },
      "dod_rank": 3,
      "energy_mode1_pct": 72.35,
      "dmd_spectral_radius": 0.373305
    },
    {
      "window_steps": 200,
      "first_step": 1201,
      "last_step": 1400,
      "pod": {
        "effective_rank": 3,
        "energy_top5_pct": [
          65.39,
          27.38,
          7.23
        ],
        "sv_top5": [
          0.4219,
          0.273,
          0.1403
        ],
        "energy_mode1_pct": 65.39,
        "total_energy": 0.272231
      },
      "dmd": {
        "spectral_radius": 0.411881,
        "stable": true,
        "eig_mags_top5": [
          0.4119,
          0.1052
        ]
      },
      "dod_rank": 3,
      "energy_mode1_pct": 65.39,
      "dmd_spectral_radius": 0.411881
    },
    {
      "window_steps": 200,
      "first_step": 1301,
      "last_step": 1500,
      "pod": {
        "effective_rank": 3,
        "energy_top5_pct": [
          96.75,
          2.76,
          0.5
        ],
        "sv_top5": [
          2.2777,
          0.3844,
          0.1633
        ],
        "energy_mode1_pct": 96.75,
        "total_energy": 5.362269
      },
      "dmd": {
        "spectral_radius": 0.108931,
        "stable": true,
        "eig_mags_top5": [
          0.1089,
          0.0354
        ]
      },
      "dod_rank": 3,
      "energy_mode1_pct": 96.75,
      "dmd_spectral_radius": 0.108931
    },
    {
      "window_steps": 200,
      "first_step": 1301,
      "last_step": 1500,
      "pod": {
        "effective_rank": 3,
        "energy_top5_pct": [
          96.75,
          2.76,
          0.5
        ],
        "sv_top5": [
          2.2777,
          0.3844,
          0.1633
        ],
        "energy_mode1_pct": 96.75,
        "total_energy": 5.362269
      },
      "dmd": {
        "spectral_radius": 0.108931,
        "stable": true,
        "eig_mags_top5": [
          0.1089,
          0.0354
        ]
      },
      "dod_rank": 3,
      "energy_mode1_pct": 96.75,
      "dmd_spectral_radius": 0.108931
    }
  ]
}
