{
  "phase": 2,
  "total_steps": 1501,
  "final_dod_rank": 3,
  "final_energy_mode1_pct": 80.69,
  "final_dmd_spectral_radius": 0.347826,
  "dod_rank_trajectory": [
    3,
    3,
    3,
    3,
    3,
    3,
    3,
    3,
    3
  ],
  "energy_mode1_pct_trajectory": [
    87.2,
    85.7,
    77.6,
    84.6,
    79.6,
    64.1,
    85.0,
    80.7,
    80.7
  ],
  "dmd_spectral_radius_trajectory": [
    0.8736,
    0.6288,
    0.4898,
    0.5869,
    0.5058,
    0.4385,
    0.388,
    0.3478,
    0.3478
  ],
  "ct_dmd_spectral_radius_trajectory": [
    0.9974,
    0.9757,
    0.9707,
    0.9694,
    1.0024,
    1.0023,
    0.992,
    0.9761,
    0.9761
  ],
  "verdict": "WARN: dod_rank=3 ok但能量仍集中 mode1=80.7% (目标<80%)",
  "full_snapshots": [
    {
      "window_steps": 200,
      "first_step": 1,
      "last_step": 200,
      "pod": {
        "effective_rank": 3,
        "energy_top5_pct": [
          87.16,
          11.06,
          1.78
        ],
        "sv_top5": [
          4.5393,
          1.6173,
          0.649
        ],
        "energy_mode1_pct": 87.16,
        "total_energy": 23.641459
      },
      "dmd": {
        "spectral_radius": 0.873565,
        "stable": true,
        "eig_mags_top5": [
          0.8736,
          0.3213
        ]
      },
      "dod_rank": 3,
      "energy_mode1_pct": 87.16,
      "dmd_spectral_radius": 0.873565
    },
    {
      "window_steps": 200,
      "first_step": 201,
      "last_step": 400,
      "pod": {
        "effective_rank": 3,
        "energy_top5_pct": [
          85.68,
          14.04,
          0.28
        ],
        "sv_top5": [
          0.8718,
          0.3529,
          0.0496
        ],
        "energy_mode1_pct": 85.68,
        "total_energy": 0.887004
      },
      "dmd": {
        "spectral_radius": 0.628792,
        "stable": true,
        "eig_mags_top5": [
          0.6288,
          0.1289
        ]
      },
      "dod_rank": 3,
      "energy_mode1_pct": 85.68,
      "dmd_spectral_radius": 0.628792
    },
    {
      "window_steps": 200,
      "first_step": 401,
      "last_step": 600,
      "pod": {
        "effective_rank": 3,
        "energy_top5_pct": [
          77.57,
          22.26,
          0.17
        ],
        "sv_top5": [
          0.6175,
          0.3308,
          0.029
        ],
        "energy_mode1_pct": 77.57,
        "total_energy": 0.491587
      },
      "dmd": {
        "spectral_radius": 0.489775,
        "stable": true,
        "eig_mags_top5": [
          0.4898,
          0.0319
        ]
      },
      "dod_rank": 3,
      "energy_mode1_pct": 77.57,
      "dmd_spectral_radius": 0.489775
    },
    {
      "window_steps": 200,
      "first_step": 601,
      "last_step": 800,
      "pod": {
        "effective_rank": 3,
        "energy_top5_pct": [
          84.58,
          15.23,
          0.2
        ],
        "sv_top5": [
          0.4542,
          0.1927,
          0.022
        ],
        "energy_mode1_pct": 84.58,
        "total_energy": 0.243964
      },
      "dmd": {
        "spectral_radius": 0.586867,
        "stable": true,
        "eig_mags_top5": [
          0.5869,
          0.0652
        ]
      },
      "dod_rank": 3,
      "energy_mode1_pct": 84.58,
      "dmd_spectral_radius": 0.586867
    },
    {
      "window_steps": 200,
      "first_step": 801,
      "last_step": 1000,
      "pod": {
        "effective_rank": 3,
        "energy_top5_pct": [
          79.61,
          20.07,
          0.31
        ],
        "sv_top5": [
          0.4503,
          0.2261,
          0.0282
        ],
        "energy_mode1_pct": 79.61,
        "total_energy": 0.254707
      },
      "dmd": {
        "spectral_radius": 0.505809,
        "stable": true,
        "eig_mags_top5": [
          0.5058,
          0.0032
        ]
      },
      "dod_rank": 3,
      "energy_mode1_pct": 79.61,
      "dmd_spectral_radius": 0.505809
    },
    {
      "window_steps": 200,
      "first_step": 1001,
      "last_step": 1200,
      "pod": {
        "effective_rank": 3,
        "energy_top5_pct": [
          64.14,
          35.36,
          0.49
        ],
        "sv_top5": [
          0.4009,
          0.2977,
          0.0352
        ],
        "energy_mode1_pct": 64.14,
        "total_energy": 0.250547
      },
      "dmd": {
        "spectral_radius": 0.438529,
        "stable": true,
        "eig_mags_top5": [
          0.4385,
          0.0204
        ]
      },
      "dod_rank": 3,
      "energy_mode1_pct": 64.14,
      "dmd_spectral_radius": 0.438529
    },
    {
      "window_steps": 200,
      "first_step": 1201,
      "last_step": 1400,
      "pod": {
        "effective_rank": 3,
        "energy_top5_pct": [
          85.05,
          14.79,
          0.16
        ],
        "sv_top5": [
          0.4586,
          0.1912,
          0.0196
        ],
        "energy_mode1_pct": 85.05,
        "total_energy": 0.247257
      },
      "dmd": {
        "spectral_radius": 0.388008,
        "stable": true,
        "eig_mags_top5": [
          0.388,
          0.0183
        ]
      },
      "dod_rank": 3,
      "energy_mode1_pct": 85.05,
      "dmd_spectral_radius": 0.388008
    },
    {
      "window_steps": 200,
      "first_step": 1301,
      "last_step": 1500,
      "pod": {
        "effective_rank": 3,
        "energy_top5_pct": [
          80.69,
          18.9,
          0.41
        ],
        "sv_top5": [
          0.4129,
          0.1998,
          0.0293
        ],
        "energy_mode1_pct": 80.69,
        "total_energy": 0.21124
      },
      "dmd": {
        "spectral_radius": 0.347826,
        "stable": true,
        "eig_mags_top5": [
          0.3478,
          0.0669
        ]
      },
      "dod_rank": 3,
      "energy_mode1_pct": 80.69,
      "dmd_spectral_radius": 0.347826
    },
    {
      "window_steps": 200,
      "first_step": 1301,
      "last_step": 1500,
      "pod": {
        "effective_rank": 3,
        "energy_top5_pct": [
          80.69,
          18.9,
          0.41
        ],
        "sv_top5": [
          0.4129,
          0.1998,
          0.0293
        ],
        "energy_mode1_pct": 80.69,
        "total_energy": 0.21124
      },
      "dmd": {
        "spectral_radius": 0.347826,
        "stable": true,
        "eig_mags_top5": [
          0.3478,
          0.0669
        ]
      },
      "dod_rank": 3,
      "energy_mode1_pct": 80.69,
      "dmd_spectral_radius": 0.347826
    }
  ]
}
