{
  "phase": 4,
  "total_steps": 2101,
  "final_dod_rank": 3,
  "final_energy_mode1_pct": 80.41,
  "final_dmd_spectral_radius": 0.082154,
  "dod_rank_trajectory": [
    3,
    3,
    2,
    3,
    3,
    3,
    3,
    2,
    3,
    3,
    3,
    3
  ],
  "energy_mode1_pct_trajectory": [
    96.8,
    86.4,
    99.8,
    94.1,
    77.0,
    88.3,
    65.3,
    99.8,
    83.2,
    70.1,
    80.4,
    80.4
  ],
  "dmd_spectral_radius_trajectory": [
    0.8784,
    0.2689,
    0.0181,
    0.0875,
    0.1531,
    0.0817,
    0.2957,
    0.0158,
    0.1172,
    0.0795,
    0.0822,
    0.0822
  ],
  "ct_dmd_spectral_radius_trajectory": [
    0.9862,
    0.9858,
    0.9805,
    1.0137,
    0.9768,
    0.9724,
    0.95,
    0.977,
    0.9766,
    0.9704,
    0.9522,
    0.9522
  ],
  "verdict": "FAIL: dod_rank=3 < target 5, mode1=80.4%",
  "full_snapshots": [
    {
      "window_steps": 200,
      "first_step": 1,
      "last_step": 200,
      "pod": {
        "effective_rank": 3,
        "energy_top5_pct": [
          96.76,
          2.68,
          0.56
        ],
        "sv_top5": [
          10.0279,
          1.6702,
          0.762
        ],
        "energy_mode1_pct": 96.76,
        "total_energy": 103.929379
      },
      "dmd": {
        "spectral_radius": 0.878393,
        "stable": true,
        "eig_mags_top5": [
          0.8784,
          0.5222
        ]
      },
      "dod_rank": 3,
      "energy_mode1_pct": 96.76,
      "dmd_spectral_radius": 0.878393
    },
    {
      "window_steps": 200,
      "first_step": 201,
      "last_step": 400,
      "pod": {
        "effective_rank": 3,
        "energy_top5_pct": [
          86.42,
          11.33,
          2.25
        ],
        "sv_top5": [
          2.7032,
          0.979,
          0.4359
        ],
        "energy_mode1_pct": 86.42,
        "total_energy": 8.455732
      },
      "dmd": {
        "spectral_radius": 0.268902,
        "stable": true,
        "eig_mags_top5": [
          0.2689,
          0.0667
        ]
      },
      "dod_rank": 3,
      "energy_mode1_pct": 86.42,
      "dmd_spectral_radius": 0.268902
    },
    {
      "window_steps": 200,
      "first_step": 401,
      "last_step": 600,
      "pod": {
        "effective_rank": 2,
        "energy_top5_pct": [
          99.81,
          0.19,
          0.01
        ],
        "sv_top5": [
          16.0752,
          0.6973,
          0.1296
        ],
        "energy_mode1_pct": 99.81,
        "total_energy": 258.915357
      },
      "dmd": {
        "spectral_radius": 0.018136,
        "stable": true,
        "eig_mags_top5": [
          0.0181,
          0.0181
        ]
      },
      "dod_rank": 2,
      "energy_mode1_pct": 99.81,
      "dmd_spectral_radius": 0.018136
    },
    {
      "window_steps": 200,
      "first_step": 601,
      "last_step": 800,
      "pod": {
        "effective_rank": 3,
        "energy_top5_pct": [
          94.13,
          5.59,
          0.28
        ],
        "sv_top5": [
          1.5813,
          0.3854,
          0.0865
        ],
        "energy_mode1_pct": 94.13,
        "total_energy": 2.656513
      },
      "dmd": {
        "spectral_radius": 0.087482,
        "stable": true,
        "eig_mags_top5": [
          0.0875,
          0.0875
        ]
      },
      "dod_rank": 3,
      "energy_mode1_pct": 94.13,
      "dmd_spectral_radius": 0.087482
    },
    {
      "window_steps": 200,
      "first_step": 801,
      "last_step": 1000,
      "pod": {
        "effective_rank": 3,
        "energy_top5_pct": [
          77.03,
          22.51,
          0.47
        ],
        "sv_top5": [
          1.9168,
          1.0361,
          0.149
        ],
        "energy_mode1_pct": 77.03,
        "total_energy": 4.769719
      },
      "dmd": {
        "spectral_radius": 0.153138,
        "stable": true,
        "eig_mags_top5": [
          0.1531,
          0.0256
        ]
      },
      "dod_rank": 3,
      "energy_mode1_pct": 77.03,
      "dmd_spectral_radius": 0.153138
    },
    {
      "window_steps": 200,
      "first_step": 1001,
      "last_step": 1200,
      "pod": {
        "effective_rank": 3,
        "energy_top5_pct": [
          88.35,
          11.51,
          0.14
        ],
        "sv_top5": [
          1.5223,
          0.5495,
          0.0598
        ],
        "energy_mode1_pct": 88.35,
        "total_energy": 2.623072
      },
      "dmd": {
        "spectral_radius": 0.081748,
        "stable": true,
        "eig_mags_top5": [
          0.0817,
          0.0817
        ]
      },
      "dod_rank": 3,
      "energy_mode1_pct": 88.35,
      "dmd_spectral_radius": 0.081748
    },
    {
      "window_steps": 200,
      "first_step": 1201,
      "last_step": 1400,
      "pod": {
        "effective_rank": 3,
        "energy_top5_pct": [
          65.29,
          34.08,
          0.63
        ],
        "sv_top5": [
          1.1637,
          0.8407,
          0.1143
        ],
        "energy_mode1_pct": 65.29,
        "total_energy": 2.073957
      },
      "dmd": {
        "spectral_radius": 0.295697,
        "stable": true,
        "eig_mags_top5": [
          0.2957,
          0.0805
        ]
      },
      "dod_rank": 3,
      "energy_mode1_pct": 65.29,
      "dmd_spectral_radius": 0.295697
    },
    {
      "window_steps": 200,
      "first_step": 1401,
      "last_step": 1600,
      "pod": {
        "effective_rank": 2,
        "energy_top5_pct": [
          99.78,
          0.21,
          0.0
        ],
        "sv_top5": [
          112.8596,
          5.2054,
          0.6061
        ],
        "energy_mode1_pct": 99.78,
        "total_energy": 12764.743203
      },
      "dmd": {
        "spectral_radius": 0.015799,
        "stable": true,
        "eig_mags_top5": [
          0.0158,
          0.0055
        ]
      },
      "dod_rank": 2,
      "energy_mode1_pct": 99.78,
      "dmd_spectral_radius": 0.015799
    },
    {
      "window_steps": 200,
      "first_step": 1601,
      "last_step": 1800,
      "pod": {
        "effective_rank": 3,
        "energy_top5_pct": [
          83.18,
          16.64,
          0.17
        ],
        "sv_top5": [
          1.6905,
          0.7562,
          0.0767
        ],
        "energy_mode1_pct": 83.18,
        "total_energy": 3.435401
      },
      "dmd": {
        "spectral_radius": 0.117183,
        "stable": true,
        "eig_mags_top5": [
          0.1172,
          0.1172
        ]
      },
      "dod_rank": 3,
      "energy_mode1_pct": 83.18,
      "dmd_spectral_radius": 0.117183
    },
    {
      "window_steps": 200,
      "first_step": 1801,
      "last_step": 2000,
      "pod": {
        "effective_rank": 3,
        "energy_top5_pct": [
          70.1,
          29.41,
          0.49
        ],
        "sv_top5": [
          1.005,
          0.651,
          0.0837
        ],
        "energy_mode1_pct": 70.1,
        "total_energy": 1.440787
      },
      "dmd": {
        "spectral_radius": 0.079482,
        "stable": true,
        "eig_mags_top5": [
          0.0795,
          0.0795
        ]
      },
      "dod_rank": 3,
      "energy_mode1_pct": 70.1,
      "dmd_spectral_radius": 0.079482
    },
    {
      "window_steps": 200,
      "first_step": 1901,
      "last_step": 2100,
      "pod": {
        "effective_rank": 3,
        "energy_top5_pct": [
          80.41,
          19.29,
          0.3
        ],
        "sv_top5": [
          1.3506,
          0.6616,
          0.082
        ],
        "energy_mode1_pct": 80.41,
        "total_energy": 2.268611
      },
      "dmd": {
        "spectral_radius": 0.082154,
        "stable": true,
        "eig_mags_top5": [
          0.0822,
          0.0154
        ]
      },
      "dod_rank": 3,
      "energy_mode1_pct": 80.41,
      "dmd_spectral_radius": 0.082154
    },
    {
      "window_steps": 200,
      "first_step": 1901,
      "last_step": 2100,
      "pod": {
        "effective_rank": 3,