{
  "phase": 6,
  "total_steps": 2101,
  "final_dod_rank": 2,
  "final_energy_mode1_pct": 99.79,
  "final_dmd_spectral_radius": 0.013322,
  "dod_rank_trajectory": [
    3,
    3,
    3,
    3,
    3,
    3,
    1,
    1,
    2,
    2,
    2,
    2
  ],
  "energy_mode1_pct_trajectory": [
    95.6,
    91.1,
    96.8,
    95.2,
    64.3,
    90.7,
    100.0,
    100.0,
    93.5,
    99.8,
    99.8,
    99.8
  ],
  "dmd_spectral_radius_trajectory": [
    0.8862,
    0.4605,
    0.2165,
    0.1418,
    0.218,
    0.0858,
    0.2859,
    0.1059,
    0.2476,
    0.0129,
    0.0133,
    0.0133
  ],
  "ct_dmd_spectral_radius_trajectory": [
    1.0343,
    0.9955,
    0.9938,
    0.9809,
    0.9659,
    0.9524,
    0.9811,
    0.9752,
    0.9622,
    0.9559,
    0.9766,
    0.9766
  ],
  "verdict": "FAIL: dod_rank=2 < target 5, mode1=99.8%",
  "full_snapshots": [
    {
      "window_steps": 200,
      "first_step": 1,
      "last_step": 200,
      "pod": {
        "effective_rank": 3,
        "energy_top5_pct": [
          95.59,
          3.53,
          0.88
        ],
        "sv_top5": [
          10.0471,
          1.9315,
          0.9643
        ],
        "energy_mode1_pct": 95.59,
        "total_energy": 105.605612
      },
      "dmd": {
        "spectral_radius": 0.886226,
        "stable": true,
        "eig_mags_top5": [
          0.8862,
          0.3022
        ]
      },
      "dod_rank": 3,
      "energy_mode1_pct": 95.59,
      "dmd_spectral_radius": 0.886226
    },
    {
      "window_steps": 200,
      "first_step": 201,
      "last_step": 400,
      "pod": {
        "effective_rank": 3,
        "energy_top5_pct": [
          91.08,
          8.42,
          0.51
        ],
        "sv_top5": [
          2.8539,
          0.8675,
          0.2133
        ],
        "energy_mode1_pct": 91.08,
        "total_energy": 8.942662
      },
      "dmd": {
        "spectral_radius": 0.460506,
        "stable": true,
        "eig_mags_top5": [
          0.4605,
          0.0483
        ]
      },
      "dod_rank": 3,
      "energy_mode1_pct": 91.08,
      "dmd_spectral_radius": 0.460506
    },
    {
      "window_steps": 200,
      "first_step": 401,
      "last_step": 600,
      "pod": {
        "effective_rank": 3,
        "energy_top5_pct": [
          96.84,
          2.81,
          0.35
        ],
        "sv_top5": [
          2.5558,
          0.4351,
          0.1537
        ],
        "energy_mode1_pct": 96.84,
        "total_energy": 6.745135
      },
      "dmd": {
        "spectral_radius": 0.216498,
        "stable": true,
        "eig_mags_top5": [
          0.2165,
          0.0103
        ]
      },
      "dod_rank": 3,
      "energy_mode1_pct": 96.84,
      "dmd_spectral_radius": 0.216498
    },
    {
      "window_steps": 200,
      "first_step": 601,
      "last_step": 800,
      "pod": {
        "effective_rank": 3,
        "energy_top5_pct": [
          95.23,
          4.24,
          0.53
        ],
        "sv_top5": [
          1.5957,
          0.3368,
          0.1187
        ],
        "energy_mode1_pct": 95.23,
        "total_energy": 2.673648
      },
      "dmd": {
        "spectral_radius": 0.141794,
        "stable": true,
        "eig_mags_top5": [
          0.1418,
          0.0218
        ]
      },
      "dod_rank": 3,
      "energy_mode1_pct": 95.23,
      "dmd_spectral_radius": 0.141794
    },
    {
      "window_steps": 200,
      "first_step": 801,
      "last_step": 1000,
      "pod": {
        "effective_rank": 3,
        "energy_top5_pct": [
          64.28,
          35.37,
          0.36
        ],
        "sv_top5": [
          1.7623,
          1.3072,
          0.1312
        ],
        "energy_mode1_pct": 64.28,
        "total_energy": 4.831624
      },
      "dmd": {
        "spectral_radius": 0.217976,
        "stable": true,
        "eig_mags_top5": [
          0.218,
          0.0609
        ]
      },
      "dod_rank": 3,
      "energy_mode1_pct": 64.28,
      "dmd_spectral_radius": 0.217976
    },
    {
      "window_steps": 200,
      "first_step": 1001,
      "last_step": 1200,
      "pod": {
        "effective_rank": 3,
        "energy_top5_pct": [
          90.71,
          8.85,
          0.44
        ],
        "sv_top5": [
          1.3126,
          0.4101,
          0.0912
        ],
        "energy_mode1_pct": 90.71,
        "total_energy": 1.899359
      },
      "dmd": {
        "spectral_radius": 0.085827,
        "stable": true,
        "eig_mags_top5": [
          0.0858,
          0.0062
        ]
      },
      "dod_rank": 3,
      "energy_mode1_pct": 90.71,
      "dmd_spectral_radius": 0.085827
    },
    {
      "window_steps": 200,
      "first_step": 1201,
      "last_step": 1400,
      "pod": {
        "effective_rank": 1,
        "energy_top5_pct": [
          99.97,
          0.03,
          0.0
        ],
        "sv_top5": [
          103.0711,
          1.7161,
          0.6822
        ],
        "energy_mode1_pct": 99.97,
        "total_energy": 10627.069411
      },
      "dmd": {
        "spectral_radius": 0.285882,
        "stable": true,
        "eig_mags_top5": [
          0.2859,
          0.0731
        ]
      },
      "dod_rank": 1,
      "energy_mode1_pct": 99.97,
      "dmd_spectral_radius": 0.285882
    },
    {
      "window_steps": 200,
      "first_step": 1401,
      "last_step": 1600,
      "pod": {
        "effective_rank": 1,
        "energy_top5_pct": [
          99.99,
          0.01,
          0.01
        ],
        "sv_top5": [
          97.5351,
          0.9379,
          0.7025
        ],
        "energy_mode1_pct": 99.99,
        "total_energy": 9514.463642
      },
      "dmd": {
        "spectral_radius": 0.105908,
        "stable": true,
        "eig_mags_top5": [
          0.1059,
          0.0505
        ]
      },
      "dod_rank": 1,
      "energy_mode1_pct": 99.99,
      "dmd_spectral_radius": 0.105908
    },
    {
      "window_steps": 200,
      "first_step": 1601,
      "last_step": 1800,
      "pod": {
        "effective_rank": 2,
        "energy_top5_pct": [
          93.48,
          6.46,
          0.06
        ],
        "sv_top5": [
          3.2983,
          0.8669,
          0.0825
        ],
        "energy_mode1_pct": 93.48,
        "total_energy": 11.637056
      },
      "dmd": {
        "spectral_radius": 0.247587,
        "stable": true,
        "eig_mags_top5": [
          0.2476,
          0.0602
        ]
      },
      "dod_rank": 2,
      "energy_mode1_pct": 93.48,
      "dmd_spectral_radius": 0.247587
    },
    {
      "window_steps": 200,
      "first_step": 1801,
      "last_step": 2000,
      "pod": {
        "effective_rank": 2,
        "energy_top5_pct": [
          99.8,
          0.19,
          0.01
        ],
        "sv_top5": [
          70.4264,
          3.0328,
          0.7335
        ],
        "energy_mode1_pct": 99.8,
        "total_energy": 4969.613512
      },
      "dmd": {
        "spectral_radius": 0.012873,
        "stable": true,
        "eig_mags_top5": [
          0.0129,
          0.0129
        ]
      },
      "dod_rank": 2,
      "energy_mode1_pct": 99.8,
      "dmd_spectral_radius": 0.012873
    },
    {
      "window_steps": 200,
      "first_step": 1901,
      "last_step": 2100,
      "pod": {
        "effective_rank": 2,
        "energy_top5_pct": [
          99.79,
          0.19,
          0.02
        ],
        "sv_top5": [
          70.4199,
          3.1087,
          0.8869
        ],
        "energy_mode1_pct": 99.79,
        "total_energy": 4969.407931
      },
      "dmd": {
        "spectral_radius": 0.013322,
        "stable": true,
        "eig_mags_top5": [
          0.0133,
          0.0133
        ]
      },
      "dod_rank": 2,
      "energy_mode1_pct": 99.79,
      "dmd_spectral_radius": 0.013322
    },
    {
      "window_steps": 200,
      "first_step": 1901,
      "last_step": 2100,
      "pod": {
        "effective_rank": 2,