{
  "phase": 3,
  "total_steps": 1501,
  "final_dod_rank": 3,
  "final_energy_mode1_pct": 65.09,
  "final_dmd_spectral_radius": 0.433846,
  "dod_rank_trajectory": [
    3,
    3,
    3,
    3,
    3,
    3,
    3,
    3,
    3
  ],
  "energy_mode1_pct_trajectory": [
    91.6,
    92.6,
    93.3,
    88.0,
    85.2,
    79.5,
    73.3,
    65.1,
    65.1
  ],
  "dmd_spectral_radius_trajectory": [
    0.8713,
    0.6289,
    0.5641,
    0.5616,
    0.3982,
    0.4707,
    0.4645,
    0.4338,
    0.4338
  ],
  "ct_dmd_spectral_radius_trajectory": [
    0.9468,
    0.9859,
    0.9653,
    0.9707,
    0.9754,
    0.9616,
    0.9744,
    0.9953,
    0.9953
  ],
  "verdict": "FAIL: dod_rank=3 < target 4, mode1=65.1%",
  "full_snapshots": [
    {
      "window_steps": 200,
      "first_step": 1,
      "last_step": 200,
      "pod": {
        "effective_rank": 3,
        "energy_top5_pct": [
          91.59,
          6.68,
          1.72
        ],
        "sv_top5": [
          4.4977,
          1.2148,
          0.6172
        ],
        "energy_mode1_pct": 91.59,
        "total_energy": 22.085951
      },
      "dmd": {
        "spectral_radius": 0.871277,
        "stable": true,
        "eig_mags_top5": [
          0.8713,
          0.5239
        ]
      },
      "dod_rank": 3,
      "energy_mode1_pct": 91.59,
      "dmd_spectral_radius": 0.871277
    },
    {
      "window_steps": 200,
      "first_step": 201,
      "last_step": 400,
      "pod": {
        "effective_rank": 3,
        "energy_top5_pct": [
          92.59,
          7.19,
          0.22
        ],
        "sv_top5": [
          0.7884,
          0.2198,
          0.0383
        ],
        "energy_mode1_pct": 92.59,
        "total_energy": 0.671341
      },
      "dmd": {
        "spectral_radius": 0.628924,
        "stable": true,
        "eig_mags_top5": [
          0.6289,
          0.1414
        ]
      },
      "dod_rank": 3,
      "energy_mode1_pct": 92.59,
      "dmd_spectral_radius": 0.628924
    },
    {
      "window_steps": 200,
      "first_step": 401,
      "last_step": 600,
      "pod": {
        "effective_rank": 3,
        "energy_top5_pct": [
          93.26,
          6.61,
          0.13
        ],
        "sv_top5": [
          0.4751,
          0.1265,
          0.0178
        ],
        "energy_mode1_pct": 93.26,
        "total_energy": 0.242014
      },
      "dmd": {
        "spectral_radius": 0.564059,
        "stable": true,
        "eig_mags_top5": [
          0.5641,
          0.0121
        ]
      },
      "dod_rank": 3,
      "energy_mode1_pct": 93.26,
      "dmd_spectral_radius": 0.564059
    },
    {
      "window_steps": 200,
      "first_step": 601,
      "last_step": 800,
      "pod": {
        "effective_rank": 3,
        "energy_top5_pct": [
          88.04,
          11.78,
          0.18
        ],
        "sv_top5": [
          0.419,
          0.1533,
          0.0188
        ],
        "energy_mode1_pct": 88.04,
        "total_energy": 0.199365
      },
      "dmd": {
        "spectral_radius": 0.561627,
        "stable": true,
        "eig_mags_top5": [
          0.5616,
          0.1889
        ]
      },
      "dod_rank": 3,
      "energy_mode1_pct": 88.04,
      "dmd_spectral_radius": 0.561627
    },
    {
      "window_steps": 200,
      "first_step": 801,
      "last_step": 1000,
      "pod": {
        "effective_rank": 3,
        "energy_top5_pct": [
          85.21,
          14.66,
          0.14
        ],
        "sv_top5": [
          0.3907,
          0.162,
          0.0158
        ],
        "energy_mode1_pct": 85.21,
        "total_energy": 0.179137
      },
      "dmd": {
        "spectral_radius": 0.398215,
        "stable": true,
        "eig_mags_top5": [
          0.3982,
          0.126
        ]
      },
      "dod_rank": 3,
      "energy_mode1_pct": 85.21,
      "dmd_spectral_radius": 0.398215
    },
    {
      "window_steps": 200,
      "first_step": 1001,
      "last_step": 1200,
      "pod": {
        "effective_rank": 3,
        "energy_top5_pct": [
          79.51,
          19.71,
          0.78
        ],
        "sv_top5": [
          0.41,
          0.2041,
          0.0406
        ],
        "energy_mode1_pct": 79.51,
        "total_energy": 0.211412
      },
      "dmd": {
        "spectral_radius": 0.47073,
        "stable": true,
        "eig_mags_top5": [
          0.4707,
          0.0728
        ]
      },
      "dod_rank": 3,
      "energy_mode1_pct": 79.51,
      "dmd_spectral_radius": 0.47073
    },
    {
      "window_steps": 200,
      "first_step": 1201,
      "last_step": 1400,
      "pod": {
        "effective_rank": 3,
        "energy_top5_pct": [
          73.35,
          25.78,
          0.87
        ],
        "sv_top5": [
          0.588,
          0.3486,
          0.0639
        ],
        "energy_mode1_pct": 73.35,
        "total_energy": 0.471301
      },
      "dmd": {
        "spectral_radius": 0.464501,
        "stable": true,
        "eig_mags_top5": [
          0.4645,
          0.009
        ]
      },
      "dod_rank": 3,
      "energy_mode1_pct": 73.35,
      "dmd_spectral_radius": 0.464501
    },
    {
      "window_steps": 200,
      "first_step": 1301,
      "last_step": 1500,
      "pod": {
        "effective_rank": 3,
        "energy_top5_pct": [
          65.09,
          34.48,
          0.43
        ],
        "sv_top5": [
          0.481,
          0.3501,
          0.0391
        ],
        "energy_mode1_pct": 65.09,
        "total_energy": 0.35541
      },
      "dmd": {
        "spectral_radius": 0.433846,
        "stable": true,
        "eig_mags_top5": [
          0.4338,
          0.0058
        ]
      },
      "dod_rank": 3,
      "energy_mode1_pct": 65.09,
      "dmd_spectral_radius": 0.433846
    },
    {
      "window_steps": 200,
      "first_step": 1301,
      "last_step": 1500,
      "pod": {
        "effective_rank": 3,
        "energy_top5_pct": [
          65.09,
          34.48,
          0.43
        ],
        "sv_top5": [
          0.481,
          0.3501,
          0.0391
        ],
        "energy_mode1_pct": 65.09,
        "total_energy": 0.35541
      },
      "dmd": {
        "spectral_radius": 0.433846,
        "stable": true,
        "eig_mags_top5": [
          0.4338,
          0.0058
        ]
      },
      "dod_rank": 3,
      "energy_mode1_pct": 65.09,
      "dmd_spectral_radius": 0.433846
    }
  ]
}
