{
  "phase": 6,
  "total_steps": 5001,
  "final_dod_rank": 2,
  "final_energy_mode1_pct": 96.11,
  "final_dmd_spectral_radius": 0.276787,
  "dod_rank_trajectory": [
    3,
    3,
    2,
    2,
    3,
    2,
    2,
    3,
    2,
    2,
    2,
    2,
    2,
    2,
    2,
    2,
    2,
    2,
    2,
    2,
    2,
    2,
    2,
    2,
    2,
    2
  ],
  "energy_mode1_pct_trajectory": [
    80.4,
    88.6,
    90.3,
    93.2,
    96.1,
    99.6,
    98.0,
    98.5,
    98.4,
    99.5,
    96.8,
    99.7,
    99.0,
    98.4,
    96.5,
    97.2,
    97.7,
    93.8,
    95.2,
    99.7,
    97.2,
    99.4,
    99.9,
    99.9,
    96.1,
    96.1
  ],
  "dmd_spectral_radius_trajectory": [
    0.8527,
    0.0424,
    0.3603,
    0.1717,
    0.1539,
    0.065,
    0.395,
    0.1293,
    0.2988,
    0.1464,
    0.4744,
    0.0663,
    0.0738,
    0.3247,
    0.2142,
    0.0589,
    0.1453,
    0.0384,
    0.0635,
    0.0911,
    0.1357,
    0.2827,
    0.0678,
    0.1106,
    0.2768,
    0.2768
  ],
  "ct_dmd_spectral_radius_trajectory": [
    0.9925,
    0.9684,
    0.9825,
    0.9886,
    0.9869,
    0.9696,
    0.9874,
    0.9884,
    0.9788,
    0.9884,
    0.9551,
    0.9522,
    0.9764,
    0.9632,
    0.9697,
    0.9594,
    0.9893,
    0.9609,
    0.9214,
    0.9613,
    0.9378,
    0.9861,
    0.9722,
    0.9644,
    0.9548,
    0.9548
  ],
  "verdict": "FAIL: dod_rank=2 < target 5, mode1=96.1%",
  "full_snapshots": [
    {
      "window_steps": 200,
      "first_step": 1,
      "last_step": 200,
      "pod": {
        "effective_rank": 3,
        "energy_top5_pct": [
          80.36,
          13.03,
          6.61
        ],
        "sv_top5": [
          4.6943,
          1.8903,
          1.3467
        ],
        "energy_mode1_pct": 80.36,
        "total_energy": 27.423545
      },
      "dmd": {
        "spectral_radius": 0.852711,
        "stable": true,
        "eig_mags_top5": [
          0.8527,
          0.6236
        ]
      },
      "dod_rank": 3,
      "energy_mode1_pct": 80.36,
      "dmd_spectral_radius": 0.852711
    },
    {
      "window_steps": 200,
      "first_step": 201,
      "last_step": 400,
      "pod": {
        "effective_rank": 3,
        "energy_top5_pct": [
          88.62,
          10.6,
          0.78
        ],
        "sv_top5": [
          14.0871,
          4.8724,
          1.3225
        ],
        "energy_mode1_pct": 88.62,
        "total_energy": 223.934737
      },
      "dmd": {
        "spectral_radius": 0.04242,
        "stable": true,
        "eig_mags_top5": [
          0.0424,
          0.0254
        ]
      },
      "dod_rank": 3,
      "energy_mode1_pct": 88.62,
      "dmd_spectral_radius": 0.04242
    },
    {
      "window_steps": 200,
      "first_step": 401,
      "last_step": 600,
      "pod": {
        "effective_rank": 2,
        "energy_top5_pct": [
          90.35,
          9.64,
          0.02
        ],
        "sv_top5": [
          46.777,
          15.2793,
          0.6094
        ],
        "energy_mode1_pct": 90.35,
        "total_energy": 2421.920486
      },
      "dmd": {
        "spectral_radius": 0.360261,
        "stable": true,
        "eig_mags_top5": [
          0.3603,
          0.1006
        ]
      },
      "dod_rank": 2,
      "energy_mode1_pct": 90.35,
      "dmd_spectral_radius": 0.360261
    },
    {
      "window_steps": 200,
      "first_step": 601,
      "last_step": 800,
      "pod": {
        "effective_rank": 2,
        "energy_top5_pct": [
          93.2,
          6.71,
          0.09
        ],
        "sv_top5": [
          284.4335,
          76.2931,
          8.8863
        ],
        "energy_mode1_pct": 93.2,
        "total_energy": 86802.024784
      },
      "dmd": {
        "spectral_radius": 0.171684,
        "stable": true,
        "eig_mags_top5": [
          0.1717,
          0.0253
        ]
      },
      "dod_rank": 2,
      "energy_mode1_pct": 93.2,
      "dmd_spectral_radius": 0.171684
    },
    {
      "window_steps": 200,
      "first_step": 801,
      "last_step": 1000,
      "pod": {
        "effective_rank": 3,
        "energy_top5_pct": [
          96.13,
          3.7,
          0.17
        ],
        "sv_top5": [
          101.648,
          19.9536,
          4.2405
        ],
        "energy_mode1_pct": 96.13,
        "total_energy": 10748.449617
      },
      "dmd": {
        "spectral_radius": 0.153883,
        "stable": true,
        "eig_mags_top5": [
          0.1539,
          0.0238
        ]
      },
      "dod_rank": 3,
      "energy_mode1_pct": 96.13,
      "dmd_spectral_radius": 0.153883
    },
    {
      "window_steps": 200,
      "first_step": 1001,
      "last_step": 1200,
      "pod": {
        "effective_rank": 2,
        "energy_top5_pct": [
          99.57,
          0.39,
          0.04
        ],
        "sv_top5": [
          13.1955,
          0.8304,
          0.2552
        ],
        "energy_mode1_pct": 99.57,
        "total_energy": 174.876352
      },
      "dmd": {
        "spectral_radius": 0.065044,
        "stable": true,
        "eig_mags_top5": [
          0.065,
          0.065
        ]
      },
      "dod_rank": 2,
      "energy_mode1_pct": 99.57,
      "dmd_spectral_radius": 0.065044
    },
    {
      "window_steps": 200,
      "first_step": 1201,
      "last_step": 1400,
      "pod": {
        "effective_rank": 2,
        "energy_top5_pct": [
          97.99,
          1.97,
          0.04
        ],
        "sv_top5": [
          19.6403,
          2.7851,
          0.4034
        ],
        "energy_mode1_pct": 97.99,
        "total_energy": 393.662056
      },
      "dmd": {
        "spectral_radius": 0.394977,
        "stable": true,
        "eig_mags_top5": [
          0.395,
          0.0424
        ]
      },
      "dod_rank": 2,
      "energy_mode1_pct": 97.99,
      "dmd_spectral_radius": 0.394977
    },
    {
      "window_steps": 200,
      "first_step": 1401,
      "last_step": 1600,
      "pod": {
        "effective_rank": 3,
        "energy_top5_pct": [
          98.52,
          1.16,
          0.32
        ],
        "sv_top5": [
          9.1129,
          0.9903,
          0.5175
        ],
        "energy_mode1_pct": 98.52,
        "total_energy": 84.293961
      },
      "dmd": {
        "spectral_radius": 0.129322,
        "stable": true,
        "eig_mags_top5": [
          0.1293,
          0.0028
        ]
      },
      "dod_rank": 3,
      "energy_mode1_pct": 98.52,
      "dmd_spectral_radius": 0.129322
    },
    {
      "window_steps": 200,
      "first_step": 1601,
      "last_step": 1800,
      "pod": {
        "effective_rank": 2,
        "energy_top5_pct": [
          98.43,
          1.57,
          0.0
        ],
        "sv_top5": [
          122.1182,
          15.401,
          0.1652
        ],
        "energy_mode1_pct": 98.43,
        "total_energy": 15150.071735
      },
      "dmd": {
        "spectral_radius": 0.298808,
        "stable": true,
        "eig_mags_top5": [
          0.2988,
          0.0054
        ]
      },
      "dod_rank": 2,
      "energy_mode1_pct": 98.43,
      "dmd_spectral_radius": 0.298808
    },
    {
      "window_steps": 200,
      "first_step": 1801,
      "last_step": 2000,
      "pod": {
        "effective_rank": 2,
        "energy_top5_pct": [
          99.54,
          0.46,
          0.0
        ],
        "sv_top5": [
          541.3886,
          36.9154,
          0.3117
        ],
        "energy_mode1_pct": 99.54,
        "total_energy": 294464.492893
      },
      "dmd": {
        "spectral_radius": 0.146392,
        "stable": true,
        "eig_mags_top5": [
          0.1464,
          0.0101
        ]
      },
      "dod_rank": 2,
      "energy_mode1_pct": 99.54,
      "dmd_spectral_radius": 0.146392
    },
    {
      "window_steps": 200,
      "first_step": 2001,
      "last_step": 2200,
      "pod": {
        "effective_rank": 2,