{
  "c_t_var": 0.7000951170921326,
  "guard": {
    "all_ok": true,
    "c_t_var_ok": true,
    "dialogue_ok": true,
    "emotion_ok": true,
    "rollout_nonzero_ok": true
  },
  "hard_loop_var": 4.9375,
  "metrics": {
    "dialogue_self_tail": 0.04107666015625,
    "emotion_self_tail": 0.052734375,
    "math_self_tail": 0.034912109375,
    "mixed_self_tail": 0.03277587890625,
    "python_code_self_tail": 0.090087890625
  },
  "rollout_nonzero_max": 0.25,
  "score": 0.05007781982421875
}
