{
  "fixture_path": "/home/kt/ai/minimind/artifacts/luma_stage12_hard_math_dialogue.json",
  "fixture_mode": "hard_math_dialogue",
  "rollout_steps": 4,
  "slow_k": 1,
  "reason_loops": 8,
  "enable_world_jepa": true,
  "world_jepa_mode": "full",
  "enable_self_check_ring": true,
  "num_samples": 8,
  "stage1": {
    "mean_kl": 1.47536301612854,
    "mean_hidden_delta": 3.84375,
    "hard_loop_var": 0.75,
    "soft_loop_var": 0.109375,
    "c_t_var": 0.7762953042984009,
    "exit_score_var": 4.153362533543259e-05,
    "sampled_exit_score_var": 0.00023418807541020215,
    "two_step_improvement_mean": 0.18215332925319672,
    "self_check_mean": 0.5420125126838684
  },
  "stage2": {
    "losses": [
      25.616024017333984,
      24.392993927001953,
      24.1218204498291,
      25.03026580810547,
      23.56730079650879,
      24.241159439086914,
      24.166908264160156,
      23.94831085205078
    ],
    "self_losses": [
      0.796875,
      0.96484375,
      1.078125,
      1.171875,
      0.9375,
      1.03125,
      1.1171875,
      0.97265625
    ],
    "rollout_losses": [
      0.921875,
      1.0703125,
      0.78515625,
      0.6796875,
      0.72265625,
      0.71875,
      0.7109375,
      0.796875
    ],
    "mean_delta_norm": 1.60693359375,
    "self_loss_head": 0.880859375,
    "self_loss_tail": 1.044921875,
    "self_rollout_head": 0.99609375,
    "self_rollout_tail": 0.75390625
  },
  "per_task": {
    "math": {
      "stage1": {
        "mean_kl": 1.37871253490448,
        "mean_hidden_delta": 3.6875,
        "hard_loop_var": 0.8055555820465088,
        "soft_loop_var": 0.5555555820465088,
        "c_t_var": 0.889763593673706,
        "exit_score_var": 3.303535777376965e-05,
        "sampled_exit_score_var": 0.00027205731021240354,
        "two_step_improvement_mean": 0.1227756142616272,
        "self_check_mean": 0.5359375476837158
      },
      "stage2": {
        "losses": [
          25.705867767333984,
          24.387451171875,
          23.948200225830078,
          24.489341735839844
        ],
        "self_losses": [
          0.796875,
          1.0859375,
          0.93359375,
          1.109375
        ],
        "rollout_losses": [
          0.921875,
          0.78515625,
          0.6953125,
          0.66015625
        ],
        "mean_delta_norm": 1.5048828125,
        "self_loss_head": 0.94140625,
        "self_loss_tail": 1.021484375,
        "self_rollout_head": 0.853515625,
        "self_rollout_tail": 0.677734375
      }
    },
    "dialogue": {
      "stage1": {
        "mean_kl": 1.542004942893982,
        "mean_hidden_delta": 3.984375,
        "hard_loop_var": 0.3333333432674408,
        "soft_loop_var": 1.1388888359069824,
        "c_t_var": 0.6427558660507202,
        "exit_score_var": 6.71673915348947e-05,
        "sampled_exit_score_var": 0.0005081741837784648,
        "two_step_improvement_mean": 0.24447700381278992,
        "self_check_mean": 0.5342719554901123
      },
      "stage2": {
        "losses": [
          24.635183334350586,
          25.49506950378418,
          24.66725730895996,
          24.328874588012695
        ],
        "self_losses": [
          0.97265625,
          1.171875,
          1.0546875,
          1.0078125
        ],
        "rollout_losses": [
          1.0859375,
          0.6875,
          0.625,
          0.92578125
        ],
        "mean_delta_norm": 1.69921875,
        "self_loss_head": 1.072265625,
        "self_loss_tail": 1.03125,
        "self_rollout_head": 0.88671875,
        "self_rollout_tail": 0.775390625
      }
    },
    "mixed": {
      "stage1": {
        "mean_kl": 1.47536301612854,
        "mean_hidden_delta": 3.84375,
        "hard_loop_var": 0.75,
        "soft_loop_var": 0.109375,
        "c_t_var": 0.7762953042984009,
        "exit_score_var": 4.153362533543259e-05,
        "sampled_exit_score_var": 0.00023418807541020215,
        "two_step_improvement_mean": 0.18215332925319672,
        "self_check_mean": 0.5420125126838684
      },
      "stage2": {
        "losses": [
          25.651180267333984,
          24.373464584350586,
          24.0905704498291,
          25.0048770904541
        ],
        "self_losses": [
          0.796875,
          0.9609375,
          1.0703125,
          1.15625
        ],
        "rollout_losses": [
          0.921875,
          1.0703125,
          0.78515625,
          0.68359375
        ],
        "mean_delta_norm": 1.64453125,
        "self_loss_head": 0.87890625,
        "self_loss_tail": 1.11328125,
        "self_rollout_head": 0.99609375,
        "self_rollout_tail": 0.734375
      }
    }
  }
}