{
  "fixture_path": "/home/kt/ai/minimind/artifacts/luma_stage12_hard_math_dialogue.json",
  "fixture_mode": "hard_math_dialogue",
  "rollout_steps": 4,
  "slow_k": 1,
  "reason_loops": 8,
  "enable_world_jepa": true,
  "world_jepa_mode": "scaffold",
  "enable_self_check_ring": true,
  "num_samples": 8,
  "stage1": {
    "mean_kl": 1.5950846672058105,
    "mean_hidden_delta": 4.0,
    "hard_loop_var": 0.734375,
    "soft_loop_var": 0.109375,
    "c_t_var": 0.7591700553894043,
    "exit_score_var": 4.268389238859527e-05,
    "sampled_exit_score_var": 0.00017733513959683478,
    "two_step_improvement_mean": 0.212954580783844,
    "self_check_mean": 0.4798078238964081
  },
  "stage2": {
    "losses": [
      24.385845184326172,
      24.760150909423828,
      23.1352596282959,
      23.635801315307617,
      22.38575553894043,
      22.26090431213379,
      23.510801315307617,
      23.63564109802246
    ],
    "self_losses": [
      0.77734375,
      0.9921875,
      1.1015625,
      1.25,
      0.95703125,
      1.078125,
      0.94140625,
      1.0546875
    ],
    "rollout_losses": [
      0.81640625,
      1.0859375,
      0.75,
      0.69140625,
      0.6171875,
      0.66015625,
      0.6015625,
      0.80859375
    ],
    "mean_delta_norm": 1.375,
    "self_loss_head": 0.884765625,
    "self_loss_tail": 0.998046875,
    "self_rollout_head": 0.951171875,
    "self_rollout_tail": 0.705078125
  },
  "per_task": {
    "math": {
      "stage1": {
        "mean_kl": 1.4747514724731445,
        "mean_hidden_delta": 3.859375,
        "hard_loop_var": 0.8888888955116272,
        "soft_loop_var": 0.5555555820465088,
        "c_t_var": 0.8720331192016602,
        "exit_score_var": 3.2989490136969835e-05,
        "sampled_exit_score_var": 0.0001945567928487435,
        "two_step_improvement_mean": 0.16384394466876984,
        "self_check_mean": 0.4443281888961792
      },
      "stage2": {
        "losses": [
          24.385845184326172,
          23.26018714904785,
          22.885704040527344,
          23.760601043701172
        ],
        "self_losses": [
          0.77734375,
          1.0859375,
          0.96875,
          1.015625
        ],
        "rollout_losses": [
          0.81640625,
          0.7734375,
          0.640625,
          0.6015625
        ],
        "mean_delta_norm": 1.2919921875,
        "self_loss_head": 0.931640625,
        "self_loss_tail": 0.9921875,
        "self_rollout_head": 0.794921875,
        "self_rollout_tail": 0.62109375
      }
    },
    "dialogue": {
      "stage1": {
        "mean_kl": 1.658466100692749,
        "mean_hidden_delta": 4.0625,
        "hard_loop_var": 0.4722222089767456,
        "soft_loop_var": 1.1388888359069824,
        "c_t_var": 0.6303805708885193,
        "exit_score_var": 4.455801172298379e-05,
        "sampled_exit_score_var": 0.0005092122009955347,
        "two_step_improvement_mean": 0.2629666030406952,
        "self_check_mean": 0.5411838293075562
      },
      "stage2": {
        "losses": [
          25.01020622253418,
          23.88572883605957,
          22.260854721069336,
          24.010494232177734
        ],
        "self_losses": [
          0.97265625,
          1.234375,
          1.0546875,
          1.109375
        ],
        "rollout_losses": [
          1.0859375,
          0.734375,
          0.65234375,
          0.859375
        ],
        "mean_delta_norm": 1.5771484375,
        "self_loss_head": 1.103515625,
        "self_loss_tail": 1.08203125,
        "self_rollout_head": 0.91015625,
        "self_rollout_tail": 0.755859375
      }
    },
    "mixed": {
      "stage1": {
        "mean_kl": 1.5950846672058105,
        "mean_hidden_delta": 4.0,
        "hard_loop_var": 0.734375,
        "soft_loop_var": 0.109375,
        "c_t_var": 0.7591700553894043,
        "exit_score_var": 4.268389238859527e-05,
        "sampled_exit_score_var": 0.00017733513959683478,
        "two_step_improvement_mean": 0.212954580783844,
        "self_check_mean": 0.4798078238964081
      },
      "stage2": {
        "losses": [
          24.385845184326172,
          24.635129928588867,
          23.135278701782227,
          23.635801315307617
        ],
        "self_losses": [
          0.77734375,
          0.9921875,
          1.09375,
          1.25
        ],
        "rollout_losses": [
          0.81640625,
          1.09375,
          0.74609375,
          0.6953125
        ],
        "mean_delta_norm": 1.546875,
        "self_loss_head": 0.884765625,
        "self_loss_tail": 1.171875,
        "self_rollout_head": 0.955078125,
        "self_rollout_tail": 0.720703125
      }
    }
  }
}