{
  "fixture_path": "/home/kt/ai/minimind/artifacts/luma_stage12_competition_math_dialogue_emotion.json",
  "fixture_mode": "competition_math_dialogue_emotion",
  "rollout_steps": 10,
  "slow_k": 1,
  "reason_loops": 15,
  "enable_world_jepa": true,
  "world_jepa_mode": "full",
  "enable_self_check_ring": true,
  "self_check_k": 2,
  "meta_dim": 64,
  "meta_state": 16,
  "c_t_dim": 32,
  "self_check_dim": 16,
  "enable_exit_jepa_crystal": false,
  "reason_width_mult": 1.0,
  "reason_shared_depth": 2,
  "world_mask_strategy": "structured",
  "world_full_simplify_loss": true,
  "self_world_coupling_weight": 0.0,
  "self_rollout_hierarchical": true,
  "exit_two_step_aux_weight": 0.25,
  "enable_math_adapter_lane": false,
  "enable_math_summary_gate": false,
  "enable_compression_mhc": true,
  "math_probe_rollout_steps": 0,
  "math_probe_reason_loops": 0,
  "math_probe_score_threshold": 0.0,
  "math_probe_min_loops": 0,
  "enable_persona_seed": true,
  "persona_dir": "/home/kt/ai/luma_dataset",
  "num_samples": 2,
  "stage1": {
    "mean_kl": 1.132582426071167,
    "mean_hidden_delta": 3.46875,
    "hard_loop_var": 0.0,
    "soft_loop_var": 0.0,
    "c_t_var": 0.41398659348487854,
    "exit_score_var": 1.4210854715202004e-12,
    "sampled_exit_score_var": 0.000541490619070828,
    "two_step_improvement_mean": -0.0872395858168602,
    "self_check_mean": 0.5882161855697632,
    "jepa_crystal_mean": 0.0,
    "world_surprise_mean": 11.419445037841797,
    "intermediate_state_variance": 0.0030805887654423714,
    "c_t_drift_mean": 4.210465431213379,
    "world_summary_drift_mean": 0.10122743248939514,
    "math_lane_score_mean": 0.0,
    "math_summary_gate_mean": 0.0
  },
  "stage2": {
    "losses": [
      25.461658477783203,
      25.491466522216797,
      17.43787956237793,
      17.16434097290039,
      11.180652618408203,
      11.533889770507812,
      6.422316551208496,
      6.570481777191162
    ],
    "self_losses": [
      1.25,
      0.8828125,
      0.80859375,
      1.0625,
      0.7890625,
      0.79296875,
      0.625,
      0.58203125
    ],
    "rollout_losses": [
      0.90625,
      0.91796875,
      1.0,
      1.0078125,
      1.046875,
      0.84765625,
      0.796875,
      0.6171875
    ],
    "mean_delta_norm": 4.6083984375,
    "self_loss_head": 1.06640625,
    "self_loss_tail": 0.603515625,
    "self_rollout_head": 0.912109375,
    "self_rollout_tail": 0.70703125
  },
  "per_task_from_mixed": true,
  "per_task": {
    "math": {
      "stage1": {
        "mean_kl": 0.3608205020427704,
        "mean_hidden_delta": 1.671875,
        "hard_loop_var": 0.0,
        "soft_loop_var": 0.0,
        "c_t_var": 0.6165188550949097,
        "exit_score_var": 0.0008943103021010756,
        "sampled_exit_score_var": 6.98566873325035e-05,
        "two_step_improvement_mean": 0.0,
        "self_check_mean": 0.576171875,
        "jepa_crystal_mean": 0.0,
        "world_surprise_mean": 11.44687557220459,
        "intermediate_state_variance": 0.0012236691545695066,
        "c_t_drift_mean": 6.412182807922363,
        "world_summary_drift_mean": 0.09173545241355896,
        "math_lane_score_mean": 0.0,
        "math_summary_gate_mean": 0.0
      },
      "stage2": {
        "losses": [
          3.5470151901245117,
          18.33115005493164
        ],
        "self_losses": [
          0.46875,
          1.1015625
        ],
        "rollout_losses": [
          0.640625,
          0.81640625
        ],
        "mean_delta_norm": 6.421875,
        "self_loss_head": 0.78515625,
        "self_loss_tail": 0.78515625,
        "self_rollout_head": 0.728515625,
        "self_rollout_tail": 0.728515625,
        "world_surprise_mean": 11.44687557220459,
        "intermediate_state_variance": 0.0012236692127771676,
        "c_t_drift_mean": 6.412182569503784,
        "world_summary_drift_mean": 0.09173544868826866,
        "probe_from_mixed_model": true
      }
    },
    "dialogue": {
      "stage1": {
        "mean_kl": 0.31040096282958984,
        "mean_hidden_delta": 1.546875,
        "hard_loop_var": 0.0,
        "soft_loop_var": 0.0,
        "c_t_var": 0.256207674741745,
        "exit_score_var": 0.00039356420165859163,
        "sampled_exit_score_var": 5.111504833621439e-06,
        "two_step_improvement_mean": 0.0,
        "self_check_mean": 0.4970703125,
        "jepa_crystal_mean": 0.0,
        "world_surprise_mean": 11.44062614440918,
        "intermediate_state_variance": 0.002141322009265423,
        "c_t_drift_mean": 6.2734904289245605,
        "world_summary_drift_mean": 0.14382615685462952,
        "math_lane_score_mean": 0.0,
        "math_summary_gate_mean": 0.0
      },
      "stage2": {
        "losses": [
          4.517637729644775,
          21.454524993896484
        ],
        "self_losses": [
          0.470703125,
          1.140625
        ],
        "rollout_losses": [
          0.546875,
          0.8359375
        ],
        "mean_delta_norm": 6.28125,
        "self_loss_head": 0.8056640625,
        "self_loss_tail": 0.8056640625,
        "self_rollout_head": 0.69140625,
        "self_rollout_tail": 0.69140625,
        "world_surprise_mean": 11.440625667572021,
        "intermediate_state_variance": 0.002141321892850101,
        "c_t_drift_mean": 6.2734904289245605,
        "world_summary_drift_mean": 0.14382615685462952,
        "probe_from_mixed_model": true
      }
    },
    "emotion": {
      "stage1": {
        "mean_kl": 0.9825435280799866,
        "mean_hidden_delta": 3.09375,
        "hard_loop_var": 0.0,
        "soft_loop_var": 0.0,
        "c_t_var": 0.5169858932495117,
        "exit_score_var": 1.8559763702796772e-05,
        "sampled_exit_score_var": 0.00039350861334241927,
        "two_step_improvement_mean": 0.0481770820915699,
        "self_check_mean": 0.517578125,
        "jepa_crystal_mean": 0.0,
        "world_surprise_mean": 11.429862022399902,
        "intermediate_state_variance": 0.004428200423717499,
        "c_t_drift_mean": 4.264484405517578,
        "world_summary_drift_mean": 0.11884372681379318,
        "math_lane_score_mean": 0.0,
        "math_summary_gate_mean": 0.0
      },
      "stage2": {
        "losses": [
          23.09082794189453,
          23.505712509155273
        ],
        "self_losses": [
          1.0078125,
          1.03125
        ],
        "rollout_losses": [
          0.6015625,
          0.7578125
        ],
        "mean_delta_norm": 3.2421875,
        "self_loss_head": 1.01953125,
        "self_loss_tail": 1.01953125,
        "self_rollout_head": 0.6796875,
        "self_rollout_tail": 0.6796875,
        "world_surprise_mean": 11.429862022399902,
        "intermediate_state_variance": 0.004428200423717499,
        "c_t_drift_mean": 4.264484643936157,
        "world_summary_drift_mean": 0.11884372681379318,
        "probe_from_mixed_model": true
      }
    },
    "persona_seed": {
      "stage1": {
        "mean_kl": 1.038496732711792,
        "mean_hidden_delta": 3.359375,
        "hard_loop_var": 0.0,
        "soft_loop_var": 0.0,
        "c_t_var": 0.0173704382032156,
        "exit_score_var": 4.5961351133883e-06,
        "sampled_exit_score_var": 0.0004800734168384224,
        "two_step_improvement_mean": 0.10155932605266571,
        "self_check_mean": 0.5634765625,
        "jepa_crystal_mean": 0.0,
        "world_surprise_mean": 13.365278244018555,
        "intermediate_state_variance": 0.008117332123219967,
        "c_t_drift_mean": 2.3985512256622314,
        "world_summary_drift_mean": 0.18140888214111328,
        "math_lane_score_mean": 0.0,
        "math_summary_gate_mean": 0.0
      },
      "stage2": {
        "losses": [
          26.026582717895508,
          25.948802947998047
        ],
        "self_losses": [
          1.109375,
          1.125
        ],
        "rollout_losses": [
          0.67578125,
          0.64453125
        ],
        "mean_delta_norm": 0.9375,
        "self_loss_head": 1.1171875,
        "self_loss_tail": 1.1171875,