{
  "fixture_path": "/home/kt/ai/minimind/artifacts/luma_stage12_competition_math_dialogue_emotion.json",
  "fixture_mode": "competition_math_dialogue_emotion",
  "rollout_steps": 10,
  "slow_k": 2,
  "reason_loops": 15,
  "enable_world_jepa": true,
  "world_jepa_mode": "full",
  "enable_self_check_ring": true,
  "self_check_k": 2,
  "meta_dim": 64,
  "meta_state": 16,
  "c_t_dim": 32,
  "self_check_dim": 16,
  "enable_exit_jepa_crystal": false,
  "reason_width_mult": 1.0,
  "reason_shared_depth": 2,
  "world_mask_strategy": "structured",
  "world_full_simplify_loss": true,
  "self_world_coupling_weight": 0.05,
  "self_rollout_hierarchical": true,
  "exit_two_step_aux_weight": 0.25,
  "enable_math_adapter_lane": true,
  "enable_math_summary_gate": false,
  "enable_compression_mhc": false,
  "enable_reasoning_state_ring": true,
  "r_t_dim": 16,
  "r_t_mode": "blend",
  "math_probe_rollout_steps": 0,
  "math_probe_reason_loops": 0,
  "math_probe_score_threshold": 0.0,
  "math_probe_min_loops": 0,
  "enable_persona_seed": true,
  "persona_dir": "/home/kt/ai/luma_dataset",
  "num_samples": 2,
  "stage1": {
    "mean_kl": 3.1033711433410645,
    "mean_hidden_delta": 6.4375,
    "hard_loop_var": 4.0,
    "soft_loop_var": 0.25,
    "c_t_var": 0.3879168629646301,
    "exit_score_var": 0.00021786338766105473,
    "sampled_exit_score_var": 9.94777656160295e-06,
    "two_step_improvement_mean": -0.004150390625,
    "self_check_mean": 0.3902181088924408,
    "jepa_crystal_mean": 0.0,
    "world_surprise_mean": 11.429861068725586,
    "intermediate_state_variance": 0.006466267630457878,
    "c_t_drift_mean": 1.308685302734375,
    "world_summary_drift_mean": 0.048792965710163116,
    "math_lane_score_mean": 0.0,
    "math_summary_gate_mean": 0.0,
    "r_t_drift_mean": 2.1308984756469727,
    "r_t_trust_mean": 0.5206752419471741
  },
  "stage2": {
    "losses": [
      24.825531005859375,
      25.18282127380371,
      17.945880889892578,
      17.120777130126953,
      12.177555084228516,
      10.542015075683594,
      7.204960346221924,
      7.37863826751709
    ],
    "self_losses": [
      1.1015625,
      0.95703125,
      0.98046875,
      0.99609375,
      0.95703125,
      0.76953125,
      0.82421875,
      0.64453125
    ],
    "rollout_losses": [
      0.4609375,
      0.43359375,
      0.451171875,
      0.46484375,
      0.5,
      0.4765625,
      0.482421875,
      0.4453125
    ],
    "mean_delta_norm": 2.48095703125,
    "self_loss_head": 1.029296875,
    "self_loss_tail": 0.734375,
    "self_rollout_head": 0.447265625,
    "self_rollout_tail": 0.4638671875
  },
  "per_task_from_mixed": true,
  "per_task": {
    "math": {
      "stage1": {
        "mean_kl": 0.08177211880683899,
        "mean_hidden_delta": 0.94140625,
        "hard_loop_var": 2.25,
        "soft_loop_var": 0.0,
        "c_t_var": 0.3740527033805847,
        "exit_score_var": 0.00032790435943752527,
        "sampled_exit_score_var": 5.88003334911491e-09,
        "two_step_improvement_mean": 0.4548688530921936,
        "self_check_mean": 0.5005580186843872,
        "jepa_crystal_mean": 0.0,
        "world_surprise_mean": 11.369421005249023,
        "intermediate_state_variance": 0.004218567628413439,
        "c_t_drift_mean": 2.088083267211914,
        "world_summary_drift_mean": 0.07397878170013428,
        "math_lane_score_mean": 0.0,
        "math_summary_gate_mean": 0.0,
        "r_t_drift_mean": 1.362918734550476,
        "r_t_trust_mean": 0.681640625
      },
      "stage2": {
        "losses": [
          5.238263130187988,
          17.88651466369629
        ],
        "self_losses": [
          0.53515625,
          0.98046875
        ],
        "rollout_losses": [
          0.6953125,
          0.70703125
        ],
        "mean_delta_norm": 4.078125,
        "self_loss_head": 0.7578125,
        "self_loss_tail": 0.7578125,
        "self_rollout_head": 0.701171875,
        "self_rollout_tail": 0.701171875,
        "world_surprise_mean": 11.369421005249023,
        "intermediate_state_variance": 0.004218567511998117,
        "c_t_drift_mean": 2.0880831480026245,
        "world_summary_drift_mean": 0.07397878542542458,
        "probe_from_mixed_model": true
      }
    },
    "dialogue": {
      "stage1": {
        "mean_kl": 0.7692176699638367,
        "mean_hidden_delta": 2.75,
        "hard_loop_var": 4.0,
        "soft_loop_var": 0.25,
        "c_t_var": 0.2200852632522583,
        "exit_score_var": 2.268056050525047e-05,
        "sampled_exit_score_var": 0.00027410491020418704,
        "two_step_improvement_mean": 0.2525111734867096,
        "self_check_mean": 0.4268043339252472,
        "jepa_crystal_mean": 0.0,
        "world_surprise_mean": 11.373214721679688,
        "intermediate_state_variance": 0.005959322676062584,
        "c_t_drift_mean": 2.411510705947876,
        "world_summary_drift_mean": 0.08956275135278702,
        "math_lane_score_mean": 0.0,
        "math_summary_gate_mean": 0.0,
        "r_t_drift_mean": 1.652031660079956,
        "r_t_trust_mean": 0.5804036855697632
      },
      "stage2": {
        "losses": [
          4.968216896057129,
          20.236587524414062
        ],
        "self_losses": [
          0.55078125,
          0.953125
        ],
        "rollout_losses": [
          0.34375,
          0.416015625
        ],
        "mean_delta_norm": 4.19140625,
        "self_loss_head": 0.751953125,
        "self_loss_tail": 0.751953125,
        "self_rollout_head": 0.3798828125,
        "self_rollout_tail": 0.3798828125,
        "world_surprise_mean": 11.37321424484253,
        "intermediate_state_variance": 0.005959322676062584,
        "c_t_drift_mean": 2.411510705947876,
        "world_summary_drift_mean": 0.08956275135278702,
        "probe_from_mixed_model": true
      }
    },
    "emotion": {
      "stage1": {
        "mean_kl": 1.0780844688415527,
        "mean_hidden_delta": 3.46875,
        "hard_loop_var": 0.25,
        "soft_loop_var": 0.25,
        "c_t_var": 0.3605794310569763,
        "exit_score_var": 3.2714062569993985e-08,
        "sampled_exit_score_var": 0.0003211473231203854,
        "two_step_improvement_mean": 0.1723981648683548,
        "self_check_mean": 0.4935477375984192,
        "jepa_crystal_mean": 0.0,
        "world_surprise_mean": 11.374330520629883,
        "intermediate_state_variance": 0.0053036268800497055,
        "c_t_drift_mean": 2.0231778621673584,
        "world_summary_drift_mean": 0.06140939146280289,
        "math_lane_score_mean": 0.0,
        "math_summary_gate_mean": 0.0,
        "r_t_drift_mean": 2.2383604049682617,
        "r_t_trust_mean": 0.5925781726837158
      },
      "stage2": {
        "losses": [
          22.169252395629883,
          23.10659408569336
        ],
        "self_losses": [
          0.85546875,
          0.94921875
        ],
        "rollout_losses": [
          0.90625,
          0.7578125
        ],
        "mean_delta_norm": 2.3203125,
        "self_loss_head": 0.90234375,
        "self_loss_tail": 0.90234375,
        "self_rollout_head": 0.83203125,
        "self_rollout_tail": 0.83203125,
        "world_surprise_mean": 11.374330997467041,
        "intermediate_state_variance": 0.0053036268800497055,
        "c_t_drift_mean": 2.0231778025627136,
        "world_summary_drift_mean": 0.061409393325448036,
        "probe_from_mixed_model": true
      }
    },
    "persona_seed": {
      "stage1": {
        "mean_kl": 1.9368693828582764,
        "mean_hidden_delta": 4.9375,
        "hard_loop_var": 0.0,
        "soft_loop_var": 0.25,
        "c_t_var": 0.041150838136672974,
        "exit_score_var": 1.51722988448455e-05,
        "sampled_exit_score_var": 0.00012234468886163086,
        "two_step_improvement_mean": -0.05936584621667862,
        "self_check_mean": 0.4326171875,
        "jepa_crystal_mean": 0.0,
        "world_surprise_mean": 13.436668395996094,
        "intermediate_state_variance": 0.01325439102947712,