{
  "fixture_path": "/home/kt/ai/minimind/artifacts/luma_stage12_competition_math_dialogue_emotion.json",
  "fixture_mode": "competition_math_dialogue_emotion",
  "rollout_steps": 10,
  "slow_k": 2,
  "reason_loops": 15,
  "enable_world_jepa": true,
  "world_jepa_mode": "full",
  "enable_self_check_ring": true,
  "self_check_k": 2,
  "meta_dim": 64,
  "meta_state": 16,
  "c_t_dim": 32,
  "self_check_dim": 16,
  "enable_exit_jepa_crystal": false,
  "reason_width_mult": 1.0,
  "reason_shared_depth": 2,
  "world_mask_strategy": "structured",
  "world_full_simplify_loss": true,
  "self_world_coupling_weight": 0.05,
  "self_rollout_hierarchical": true,
  "exit_two_step_aux_weight": 0.25,
  "enable_math_adapter_lane": true,
  "enable_math_summary_gate": false,
  "enable_compression_mhc": false,
  "enable_reasoning_state_ring": true,
  "r_t_dim": 16,
  "r_t_mode": "predictor",
  "math_probe_rollout_steps": 0,
  "math_probe_reason_loops": 0,
  "math_probe_score_threshold": 0.0,
  "math_probe_min_loops": 0,
  "enable_persona_seed": true,
  "persona_dir": "/home/kt/ai/luma_dataset",
  "num_samples": 2,
  "stage1": {
    "mean_kl": 2.7731761932373047,
    "mean_hidden_delta": 5.75,
    "hard_loop_var": 0.25,
    "soft_loop_var": 0.25,
    "c_t_var": 0.48904329538345337,
    "exit_score_var": 2.8768987249350175e-05,
    "sampled_exit_score_var": 0.0002825761039275676,
    "two_step_improvement_mean": -0.02939453162252903,
    "self_check_mean": 0.41533201932907104,
    "jepa_crystal_mean": 0.0,
    "world_surprise_mean": 11.419479370117188,
    "intermediate_state_variance": 0.004882303532212973,
    "c_t_drift_mean": 2.1157937049865723,
    "world_summary_drift_mean": 0.08023436367511749,
    "math_lane_score_mean": 0.0,
    "math_summary_gate_mean": 0.0,
    "r_t_drift_mean": 2.9921722412109375,
    "r_t_trust_mean": 0.560302734375,
    "r_t_switch_mean": 0.4950195550918579
  },
  "stage2": {
    "losses": [
      24.26250457763672,
      25.05710220336914,
      16.346050262451172,
      16.86507797241211,
      9.971561431884766,
      11.204015731811523,
      5.686285018920898,
      6.3074822425842285
    ],
    "self_losses": [
      0.8359375,
      1.0859375,
      0.8671875,
      1.0,
      0.443359375,
      0.5625,
      0.333984375,
      0.330078125
    ],
    "rollout_losses": [
      1.0546875,
      0.62890625,
      1.15625,
      0.7578125,
      0.0,
      0.0,
      0.0,
      0.0
    ],
    "mean_delta_norm": 5.37109375,
    "self_loss_head": 0.9609375,
    "self_loss_tail": 0.33203125,
    "self_rollout_head": 0.841796875,
    "self_rollout_tail": 0.0
  },
  "per_task_from_mixed": true,
  "per_task": {
    "math": {
      "stage1": {
        "mean_kl": 1.1254678964614868,
        "mean_hidden_delta": 3.109375,
        "hard_loop_var": 2.25,
        "soft_loop_var": 0.0,
        "c_t_var": 0.4301283359527588,
        "exit_score_var": 0.0008208643994294107,
        "sampled_exit_score_var": 3.3055650419555604e-05,
        "two_step_improvement_mean": -0.07460937649011612,
        "self_check_mean": 0.4345703125,
        "jepa_crystal_mean": 0.0,
        "world_surprise_mean": 11.407500267028809,
        "intermediate_state_variance": 0.0038888640701770782,
        "c_t_drift_mean": 1.1893823146820068,
        "world_summary_drift_mean": 0.11445799469947815,
        "math_lane_score_mean": 0.0,
        "math_summary_gate_mean": 0.0,
        "r_t_drift_mean": 3.268054485321045,
        "r_t_trust_mean": 0.580078125,
        "r_t_switch_mean": 0.4878906309604645
      },
      "stage2": {
        "losses": [
          3.0545358657836914,
          17.48835563659668
        ],
        "self_losses": [
          0.1943359375,
          1.2421875
        ],
        "rollout_losses": [
          0.0,
          0.65625
        ],
        "mean_delta_norm": 4.53125,
        "self_loss_head": 0.71826171875,
        "self_loss_tail": 0.71826171875,
        "self_rollout_head": 0.328125,
        "self_rollout_tail": 0.328125,
        "world_surprise_mean": 11.407500267028809,
        "intermediate_state_variance": 0.0038888640701770782,
        "c_t_drift_mean": 1.1893823146820068,
        "world_summary_drift_mean": 0.11445799469947815,
        "probe_from_mixed_model": true
      }
    },
    "dialogue": {
      "stage1": {
        "mean_kl": 0.2818278968334198,
        "mean_hidden_delta": 1.5625,
        "hard_loop_var": 0.0,
        "soft_loop_var": 0.0,
        "c_t_var": 0.06949777901172638,
        "exit_score_var": 0.0001074636893463321,
        "sampled_exit_score_var": 0.00025093089789152145,
        "two_step_improvement_mean": 0.0,
        "self_check_mean": 0.4521484375,
        "jepa_crystal_mean": 0.0,
        "world_surprise_mean": 11.422917366027832,
        "intermediate_state_variance": 0.002357057761400938,
        "c_t_drift_mean": 0.0,
        "world_summary_drift_mean": 0.13005979359149933,
        "math_lane_score_mean": 0.0,
        "math_summary_gate_mean": 0.0,
        "r_t_drift_mean": 3.376645803451538,
        "r_t_trust_mean": 0.4697265625,
        "r_t_switch_mean": 0.54296875
      },
      "stage2": {
        "losses": [
          4.221454620361328,
          19.61611557006836
        ],
        "self_losses": [
          0.251953125,
          0.388671875
        ],
        "rollout_losses": [
          0.0,
          0.0
        ],
        "mean_delta_norm": 4.59375,
        "self_loss_head": 0.3203125,
        "self_loss_tail": 0.3203125,
        "self_rollout_head": 0.0,
        "self_rollout_tail": 0.0,
        "world_surprise_mean": 11.422917366027832,
        "intermediate_state_variance": 0.00235705787781626,
        "c_t_drift_mean": 0.0,
        "world_summary_drift_mean": 0.13005979731678963,
        "probe_from_mixed_model": true
      }
    },
    "emotion": {
      "stage1": {
        "mean_kl": 0.9082155823707581,
        "mean_hidden_delta": 2.8125,
        "hard_loop_var": 0.25,
        "soft_loop_var": 0.0,
        "c_t_var": 0.5192644000053406,
        "exit_score_var": 2.5067947717616335e-05,
        "sampled_exit_score_var": 0.000254443206358701,
        "two_step_improvement_mean": 0.0260416679084301,
        "self_check_mean": 0.5139974355697632,
        "jepa_crystal_mean": 0.0,
        "world_surprise_mean": 11.429862022399902,
        "intermediate_state_variance": 0.003237158991396427,
        "c_t_drift_mean": 2.013176441192627,
        "world_summary_drift_mean": 0.10983185470104218,
        "math_lane_score_mean": 0.0,
        "math_summary_gate_mean": 0.0,
        "r_t_drift_mean": 3.064607620239258,
        "r_t_trust_mean": 0.4352213740348816,
        "r_t_switch_mean": 0.544921875
      },
      "stage2": {
        "losses": [
          20.414424896240234,
          23.81317138671875
        ],
        "self_losses": [
          0.671875,
          0.84765625
        ],
        "rollout_losses": [
          0.0,
          1.15625
        ],
        "mean_delta_norm": 5.7734375,
        "self_loss_head": 0.759765625,
        "self_loss_tail": 0.759765625,
        "self_rollout_head": 0.578125,
        "self_rollout_tail": 0.578125,
        "world_surprise_mean": 11.429862022399902,
        "intermediate_state_variance": 0.0032371588749811053,
        "c_t_drift_mean": 2.013176441192627,
        "world_summary_drift_mean": 0.10983185842633247,
        "probe_from_mixed_model": true
      }
    },
    "persona_seed": {
      "stage1": {
        "mean_kl": 2.544386386871338,
        "mean_hidden_delta": 6.5625,
        "hard_loop_var": 0.0,
        "soft_loop_var": 0.0,
        "c_t_var": 0.020770952105522156,
        "exit_score_var": 5.764513844042085e-07,
        "sampled_exit_score_var": 0.0004684935265686363,
        "two_step_improvement_mean": 0.19140130281448364,
        "self_check_mean": 0.5398437976837158,
        "jepa_crystal_mean": 0.0,
        "world_surprise_mean": 13.352500915527344,
        "intermediate_state_variance": 0.016402103006839752,