{
  "fixture_path": "/home/kt/ai/minimind/artifacts/luma_stage12_competition_math_dialogue_emotion.json",
  "fixture_mode": "competition_math_dialogue_emotion",
  "rollout_steps": 10,
  "slow_k": 2,
  "reason_loops": 15,
  "enable_world_jepa": true,
  "world_jepa_mode": "full",
  "enable_self_check_ring": true,
  "self_check_k": 2,
  "meta_dim": 64,
  "meta_state": 16,
  "c_t_dim": 32,
  "self_check_dim": 16,
  "enable_exit_jepa_crystal": false,
  "reason_width_mult": 1.0,
  "reason_shared_depth": 2,
  "world_mask_strategy": "structured",
  "world_full_simplify_loss": true,
  "self_world_coupling_weight": 0.05,
  "self_rollout_hierarchical": true,
  "exit_two_step_aux_weight": 0.25,
  "enable_math_adapter_lane": true,
  "enable_math_summary_gate": false,
  "enable_compression_mhc": false,
  "enable_reasoning_state_ring": true,
  "r_t_dim": 16,
  "r_t_mode": "blend",
  "math_probe_rollout_steps": 0,
  "math_probe_reason_loops": 0,
  "math_probe_score_threshold": 0.0,
  "math_probe_min_loops": 0,
  "enable_persona_seed": true,
  "persona_dir": "/home/kt/ai/luma_dataset",
  "num_samples": 2,
  "stage1": {
    "mean_kl": 1.25087571144104,
    "mean_hidden_delta": 3.625,
    "hard_loop_var": 2.25,
    "soft_loop_var": 0.25,
    "c_t_var": 0.22415603697299957,
    "exit_score_var": 2.454546483932063e-05,
    "sampled_exit_score_var": 0.0007447205716744065,
    "two_step_improvement_mean": 0.00390625,
    "self_check_mean": 0.4248046875,
    "jepa_crystal_mean": 0.0,
    "world_surprise_mean": 11.46208381652832,
    "intermediate_state_variance": 0.0033187945373356342,
    "c_t_drift_mean": 1.1098110675811768,
    "world_summary_drift_mean": 0.09202350676059723,
    "math_lane_score_mean": 0.0,
    "math_summary_gate_mean": 0.0,
    "r_t_drift_mean": 2.6853585243225098,
    "r_t_trust_mean": 0.567626953125,
    "r_t_switch_mean": 0.5086914300918579
  },
  "stage2": {
    "losses": [
      23.47345733642578,
      25.012121200561523,
      16.143665313720703,
      16.921314239501953,
      10.930732727050781,
      11.90074348449707,
      6.879643440246582,
      6.9713454246521
    ],
    "self_losses": [
      0.67578125,
      1.0078125,
      0.99609375,
      0.9609375,
      0.53125,
      0.8515625,
      0.62890625,
      0.384765625
    ],
    "rollout_losses": [
      0.0,
      0.6328125,
      0.76953125,
      0.61328125,
      0.0,
      0.515625,
      0.0,
      0.0
    ],
    "mean_delta_norm": 4.373046875,
    "self_loss_head": 0.841796875,
    "self_loss_tail": 0.5068359375,
    "self_rollout_head": 0.31640625,
    "self_rollout_tail": 0.0
  },
  "per_task_from_mixed": true,
  "per_task": {
    "math": {
      "stage1": {
        "mean_kl": 0.607564389705658,
        "mean_hidden_delta": 2.375,
        "hard_loop_var": 2.25,
        "soft_loop_var": 0.0,
        "c_t_var": 0.4679006040096283,
        "exit_score_var": 0.0005098468973301351,
        "sampled_exit_score_var": 8.844313015288208e-07,
        "two_step_improvement_mean": -0.08671875298023224,
        "self_check_mean": 0.47675782442092896,
        "jepa_crystal_mean": 0.0,
        "world_surprise_mean": 11.411042213439941,
        "intermediate_state_variance": 0.0037311865016818047,
        "c_t_drift_mean": 1.3414485454559326,
        "world_summary_drift_mean": 0.09635327756404877,
        "math_lane_score_mean": 0.0,
        "math_summary_gate_mean": 0.0,
        "r_t_drift_mean": 3.0914106369018555,
        "r_t_trust_mean": 0.50732421875,
        "r_t_switch_mean": 0.542187511920929
      },
      "stage2": {
        "losses": [
          3.6366372108459473,
          17.75989532470703
        ],
        "self_losses": [
          0.2412109375,
          1.03125
        ],
        "rollout_losses": [
          0.0,
          0.82421875
        ],
        "mean_delta_norm": 4.7109375,
        "self_loss_head": 0.63623046875,
        "self_loss_tail": 0.63623046875,
        "self_rollout_head": 0.412109375,
        "self_rollout_tail": 0.412109375,
        "world_surprise_mean": 11.411042213439941,
        "intermediate_state_variance": 0.0037311864434741437,
        "c_t_drift_mean": 1.3414485454559326,
        "world_summary_drift_mean": 0.09635327756404877,
        "probe_from_mixed_model": true
      }
    },
    "dialogue": {
      "stage1": {
        "mean_kl": 0.14995776116847992,
        "mean_hidden_delta": 1.0703125,
        "hard_loop_var": 0.0,
        "soft_loop_var": 0.0,
        "c_t_var": 0.06816010177135468,
        "exit_score_var": 0.00020510297326836735,
        "sampled_exit_score_var": 0.00010502955410629511,
        "two_step_improvement_mean": 0.0,
        "self_check_mean": 0.4892578125,
        "jepa_crystal_mean": 0.0,
        "world_surprise_mean": 11.444791793823242,
        "intermediate_state_variance": 0.0014365838142111897,
        "c_t_drift_mean": 0.0,
        "world_summary_drift_mean": 0.11664532124996185,
        "math_lane_score_mean": 0.0,
        "math_summary_gate_mean": 0.0,
        "r_t_drift_mean": 3.510471820831299,
        "r_t_trust_mean": 0.50244140625,
        "r_t_switch_mean": 0.6171875
      },
      "stage2": {
        "losses": [
          4.75059700012207,
          19.875722885131836
        ],
        "self_losses": [
          0.328125,
          0.51171875
        ],
        "rollout_losses": [
          0.0,
          0.0
        ],
        "mean_delta_norm": 5.484375,
        "self_loss_head": 0.419921875,
        "self_loss_tail": 0.419921875,
        "self_rollout_head": 0.0,
        "self_rollout_tail": 0.0,
        "world_surprise_mean": 11.444791793823242,
        "intermediate_state_variance": 0.0014365838142111897,
        "c_t_drift_mean": 0.0,
        "world_summary_drift_mean": 0.11664532124996185,
        "probe_from_mixed_model": true
      }
    },
    "emotion": {
      "stage1": {
        "mean_kl": 0.8727179169654846,
        "mean_hidden_delta": 2.71875,
        "hard_loop_var": 0.25,
        "soft_loop_var": 0.0,
        "c_t_var": 0.34473174810409546,
        "exit_score_var": 1.511584173385927e-06,
        "sampled_exit_score_var": 0.0003777350066229701,
        "two_step_improvement_mean": 0.0384114608168602,
        "self_check_mean": 0.5611979365348816,
        "jepa_crystal_mean": 0.0,
        "world_surprise_mean": 11.470833778381348,
        "intermediate_state_variance": 0.002277068328112364,
        "c_t_drift_mean": 1.6063319444656372,
        "world_summary_drift_mean": 0.10093747824430466,
        "math_lane_score_mean": 0.0,
        "math_summary_gate_mean": 0.0,
        "r_t_drift_mean": 3.5590598583221436,
        "r_t_trust_mean": 0.4581705927848816,
        "r_t_switch_mean": 0.5944010615348816
      },
      "stage2": {
        "losses": [
          20.844146728515625,
          23.708017349243164
        ],
        "self_losses": [
          0.75,
          0.90625
        ],
        "rollout_losses": [
          0.0,
          0.9921875
        ],
        "mean_delta_norm": 5.90625,
        "self_loss_head": 0.828125,
        "self_loss_tail": 0.828125,
        "self_rollout_head": 0.49609375,
        "self_rollout_tail": 0.49609375,
        "world_surprise_mean": 11.470833778381348,
        "intermediate_state_variance": 0.002277068328112364,
        "c_t_drift_mean": 1.6063319444656372,
        "world_summary_drift_mean": 0.10093747824430466,
        "probe_from_mixed_model": true
      }
    },
    "persona_seed": {
      "stage1": {
        "mean_kl": 2.550262928009033,
        "mean_hidden_delta": 5.5625,
        "hard_loop_var": 0.0,
        "soft_loop_var": 0.0,
        "c_t_var": 0.01144061516970396,
        "exit_score_var": 1.347770285065053e-05,
        "sampled_exit_score_var": 0.0003962731279898435,
        "two_step_improvement_mean": 0.08085212856531143,
        "self_check_mean": 0.5496094226837158,
        "jepa_crystal_mean": 0.0,
        "world_surprise_mean": 13.342500686645508,
        "intermediate_state_variance": 0.014743348583579063,