{
  "fixture_path": "/home/kt/ai/minimind/artifacts/luma_stage12_hard_math_dialogue.json",
  "fixture_mode": "hard_math_dialogue",
  "rollout_steps": 4,
  "slow_k": 1,
  "reason_loops": 8,
  "enable_world_jepa": true,
  "world_jepa_mode": "scaffold",
  "enable_self_check_ring": true,
  "num_samples": 8,
  "stage1": {
    "mean_kl": 1.5950846672058105,
    "mean_hidden_delta": 4.0,
    "hard_loop_var": 0.734375,
    "soft_loop_var": 0.109375,
    "c_t_var": 0.7591700553894043,
    "exit_score_var": 4.268389238859527e-05,
    "sampled_exit_score_var": 0.00017733513959683478,
    "two_step_improvement_mean": 0.212954580783844,
    "self_check_mean": 0.4798078238964081
  },
  "stage2": {
    "losses": [
      24.375,
      24.75,
      23.125,
      23.625,
      22.375,
      22.25,
      23.375,
      23.625
    ],
    "self_losses": [
      0.77734375,
      0.9921875,
      1.1015625,
      1.25,
      0.94921875,
      1.0703125,
      0.94140625,
      1.0546875
    ],
    "rollout_losses": [
      0.81640625,
      1.0859375,
      0.75,
      0.69140625,
      0.6171875,
      0.66015625,
      0.60546875,
      0.8125
    ],
    "mean_delta_norm": 1.37548828125,
    "self_loss_head": 0.884765625,
    "self_loss_tail": 0.998046875,
    "self_rollout_head": 0.951171875,
    "self_rollout_tail": 0.708984375
  }
}