{
  "fixture_path": "/home/kt/ai/minimind/artifacts/luma_stage12_competition_math_dialogue.json",
  "fixture_mode": "competition_math_dialogue",
  "rollout_steps": 10,
  "slow_k": 1,
  "reason_loops": 20,
  "enable_world_jepa": true,
  "world_jepa_mode": "scaffold",
  "enable_self_check_ring": true,
  "num_samples": 8,
  "stage1": {
    "mean_kl": 1.7191941738128662,
    "mean_hidden_delta": 4.1875,
    "hard_loop_var": 7.234375,
    "soft_loop_var": 0.109375,
    "c_t_var": 0.7708313465118408,
    "exit_score_var": 0.00010986891720676795,
    "sampled_exit_score_var": 0.0003847204498015344,
    "two_step_improvement_mean": 0.2495192438364029,
    "self_check_mean": 0.5265085101127625
  },
  "stage2": {
    "losses": [
      25.760854721069336,
      24.76075553894043,
      23.635818481445312,
      23.8856201171875,
      23.01106071472168,
      22.385879516601562,
      22.76053237915039,
      23.88581657409668
    ],
    "self_losses": [
      1.015625,
      0.90234375,
      1.0625,
      1.2109375,
      0.94921875,
      1.03125,
      1.1015625,
      1.0546875
    ],
    "rollout_losses": [
      0.7734375,
      0.94140625,
      0.72265625,
      0.78125,
      0.80078125,
      0.7265625,
      0.80078125,
      0.83203125
    ],
    "mean_delta_norm": 1.26025390625,
    "self_loss_head": 0.958984375,
    "self_loss_tail": 1.078125,
    "self_rollout_head": 0.857421875,
    "self_rollout_tail": 0.81640625
  },
  "per_task": {
    "math": {
      "stage1": {
        "mean_kl": 1.7698569297790527,
        "mean_hidden_delta": 4.375,
        "hard_loop_var": 5.1875,
        "soft_loop_var": 0.234375,
        "c_t_var": 0.7571004629135132,
        "exit_score_var": 4.288759737391956e-05,
        "sampled_exit_score_var": 0.00030740222427994013,
        "two_step_improvement_mean": 0.25204944610595703,
        "self_check_mean": 0.4853149652481079
      },
      "stage2": {
        "losses": [
          25.760854721069336,
          24.010921478271484,
          23.510883331298828,
          23.2604923248291
        ],
        "self_losses": [
          1.015625,
          1.09375,
          1.0,
          1.1328125
        ],
        "rollout_losses": [
          0.7734375,
          0.7109375,
          0.83203125,
          0.796875
        ],
        "mean_delta_norm": 1.263671875,
        "self_loss_head": 1.0546875,
        "self_loss_tail": 1.06640625,
        "self_rollout_head": 0.7421875,
        "self_rollout_tail": 0.814453125
      }
    },
    "dialogue": {
      "stage1": {
        "mean_kl": 1.8808419704437256,
        "mean_hidden_delta": 4.4375,
        "hard_loop_var": 6.359375,
        "soft_loop_var": 0.5,
        "c_t_var": 0.5362682342529297,
        "exit_score_var": 8.430000161752105e-05,
        "sampled_exit_score_var": 0.0005410912563093007,
        "two_step_improvement_mean": 0.24374917149543762,
        "self_check_mean": 0.5315048694610596
      },
      "stage2": {
        "losses": [
          25.01020622253418,
          23.885541915893555,
          22.385684967041016,
          23.885791778564453
        ],
        "self_losses": [
          0.97265625,
          1.2421875,
          1.0625,
          1.0625
        ],
        "rollout_losses": [
          1.0859375,
          0.796875,
          0.70703125,
          0.81640625
        ],
        "mean_delta_norm": 1.369140625,
        "self_loss_head": 1.107421875,
        "self_loss_tail": 1.0625,
        "self_rollout_head": 0.94140625,
        "self_rollout_tail": 0.76171875
      }
    },
    "mixed": {
      "stage1": {
        "mean_kl": 1.7191941738128662,
        "mean_hidden_delta": 4.1875,
        "hard_loop_var": 7.234375,
        "soft_loop_var": 0.109375,
        "c_t_var": 0.7708313465118408,
        "exit_score_var": 0.00010986891720676795,
        "sampled_exit_score_var": 0.0003847204498015344,
        "two_step_improvement_mean": 0.2495192438364029,
        "self_check_mean": 0.5265085101127625
      },
      "stage2": {
        "losses": [
          25.760854721069336,
          24.885234832763672,
          23.635801315307617,
          23.760568618774414
        ],
        "self_losses": [
          1.015625,
          0.96875,
          1.0625,
          1.2109375
        ],
        "rollout_losses": [
          0.7734375,
          1.03125,
          0.71875,
          0.77734375
        ],
        "mean_delta_norm": 1.341796875,
        "self_loss_head": 0.9921875,
        "self_loss_tail": 1.13671875,
        "self_rollout_head": 0.90234375,
        "self_rollout_tail": 0.748046875
      }
    }
  }
}