{
  "fixture_path": "/home/kt/ai/minimind/artifacts/luma_stage12_hard_math_dialogue_emotion.json",
  "fixture_mode": "hard_math_dialogue_emotion",
  "rollout_steps": 4,
  "slow_k": 1,
  "reason_loops": 8,
  "enable_world_jepa": true,
  "world_jepa_mode": "scaffold",
  "enable_self_check_ring": true,
  "num_samples": 4,
  "stage1": {
    "mean_kl": 1.5751752853393555,
    "mean_hidden_delta": 4.0,
    "hard_loop_var": 0.1875,
    "soft_loop_var": 0.1875,
    "c_t_var": 0.568572998046875,
    "exit_score_var": 6.701493839500472e-05,
    "sampled_exit_score_var": 0.00022433273261412978,
    "two_step_improvement_mean": 0.24140626192092896,
    "self_check_mean": 0.5053466558456421
  },
  "stage2": {
    "losses": [
      24.885805130004883,
      24.88529396057129,
      23.88533592224121,
      23.510662078857422
    ],
    "self_losses": [
      0.93359375,
      0.94921875,
      1.1953125,
      1.2265625
    ],
    "rollout_losses": [
      0.70703125,
      1.1015625,
      0.73828125,
      0.76171875
    ],
    "mean_delta_norm": 1.640625,
    "self_loss_head": 0.94140625,
    "self_loss_tail": 1.2109375,
    "self_rollout_head": 0.904296875,
    "self_rollout_tail": 0.75
  },
  "per_task": {
    "math": {
      "stage1": {
        "mean_kl": 1.4437358379364014,
        "mean_hidden_delta": 3.921875,
        "hard_loop_var": 0.25,
        "soft_loop_var": 0.75,
        "c_t_var": 0.7765821218490601,
        "exit_score_var": 3.4349181078141555e-05,
        "sampled_exit_score_var": 0.00027698485064320266,
        "two_step_improvement_mean": 0.31376951932907104,
        "self_check_mean": 0.4906412661075592
      },
      "stage2": {
        "losses": [
          24.885805130004883,
          24.26031494140625
        ],
        "self_losses": [
          0.93359375,
          1.2578125
        ],
        "rollout_losses": [
          0.70703125,
          0.7578125
        ],
        "mean_delta_norm": 1.58984375,
        "self_loss_head": 1.095703125,
        "self_loss_tail": 1.095703125,
        "self_rollout_head": 0.732421875,
        "self_rollout_tail": 0.732421875
      }
    },
    "dialogue": {
      "stage1": {
        "mean_kl": 1.6271839141845703,
        "mean_hidden_delta": 4.0,
        "hard_loop_var": 0.5,
        "soft_loop_var": 0.6875,
        "c_t_var": 0.49650251865386963,
        "exit_score_var": 6.088591180741787e-05,
        "sampled_exit_score_var": 0.0006879199645482004,
        "two_step_improvement_mean": 0.21847331523895264,
        "self_check_mean": 0.5494710206985474
      },
      "stage2": {
        "losses": [
          25.01020622253418,
          23.885705947875977
        ],
        "self_losses": [
          0.97265625,
          1.234375
        ],
        "rollout_losses": [
          1.0859375,
          0.73828125
        ],
        "mean_delta_norm": 1.76171875,
        "self_loss_head": 1.103515625,
        "self_loss_tail": 1.103515625,
        "self_rollout_head": 0.912109375,
        "self_rollout_tail": 0.912109375
      }
    },
    "emotion": {
      "stage1": {
        "mean_kl": 1.381303071975708,
        "mean_hidden_delta": 3.65625,
        "hard_loop_var": 0.25,
        "soft_loop_var": 0.0,
        "c_t_var": 0.7103759050369263,
        "exit_score_var": 3.580805423553102e-05,
        "sampled_exit_score_var": 0.00018936884589493275,
        "two_step_improvement_mean": 0.12888184189796448,
        "self_check_mean": 0.5032714605331421
      },
      "stage2": {
        "losses": [
          25.635934829711914,
          24.135780334472656
        ],
        "self_losses": [
          0.9296875,
          0.875
        ],
        "rollout_losses": [
          0.5703125,
          0.765625
        ],
        "mean_delta_norm": 1.3515625,
        "self_loss_head": 0.90234375,
        "self_loss_tail": 0.90234375,
        "self_rollout_head": 0.66796875,
        "self_rollout_tail": 0.66796875
      }
    },
    "mixed": {
      "stage1": {
        "mean_kl": 1.5751752853393555,
        "mean_hidden_delta": 4.0,
        "hard_loop_var": 0.1875,
        "soft_loop_var": 0.1875,
        "c_t_var": 0.568572998046875,
        "exit_score_var": 6.701493839500472e-05,
        "sampled_exit_score_var": 0.00022433273261412978,
        "two_step_improvement_mean": 0.24140626192092896,
        "self_check_mean": 0.5053466558456421
      },
      "stage2": {
        "losses": [
          24.885805130004883,
          24.760265350341797
        ],
        "self_losses": [
          0.93359375,
          0.95703125
        ],
        "rollout_losses": [
          0.70703125,
          1.109375
        ],
        "mean_delta_norm": 1.828125,
        "self_loss_head": 0.9453125,
        "self_loss_tail": 0.9453125,
        "self_rollout_head": 0.908203125,
        "self_rollout_tail": 0.908203125
      }
    }
  }
}