{
  "fixture_path": "/home/kt/ai/minimind/artifacts/luma_stage12_competition_math_dialogue_emotion.json",
  "fixture_mode": "competition_math_dialogue_emotion",
  "rollout_steps": 10,
  "slow_k": 1,
  "reason_loops": 15,
  "enable_world_jepa": true,
  "world_jepa_mode": "scaffold",
  "enable_self_check_ring": true,
  "num_samples": 4,
  "stage1": {
    "mean_kl": 1.624316930770874,
    "mean_hidden_delta": 4.03125,
    "hard_loop_var": 3.6875,
    "soft_loop_var": 0.1875,
    "c_t_var": 0.764670193195343,
    "exit_score_var": 0.00010794401168823242,
    "sampled_exit_score_var": 0.0003897549759130925,
    "two_step_improvement_mean": 0.111219622194767,
    "self_check_mean": 0.5192464590072632
  },
  "stage2": {
    "losses": [
      25.756589889526367,
      24.75875473022461,
      23.5095157623291,
      23.881370544433594,
      21.009618759155273,
      21.63347053527832,
      20.884090423583984,
      21.508230209350586,
      18.75933265686035,
      20.505653381347656,
      18.88439178466797,
      19.633991241455078,
      17.507902145385742,
      18.88072967529297,
      18.131134033203125,
      17.884170532226562,
      15.945512771606445,
      17.380859375,
      16.50624656677246,
      17.130563735961914,
      15.256169319152832,
      16.00594711303711,
      15.256318092346191,
      15.880581855773926,
      13.943675994873047,
      14.818487167358398,
      13.943816184997559,
      14.568105697631836,
      12.6311674118042,
      13.631010055541992,
      12.881291389465332,
      13.505681991577148
    ],
    "self_losses": [
      1.015625,
      0.90234375,
      1.0546875,
      1.2109375,
      0.99609375,
      0.6796875,
      0.87109375,
      1.078125,
      0.94921875,
      0.625,
      0.79296875,
      1.015625,
      0.7734375,
      0.5625,
      0.54296875,
      0.9453125,
      0.734375,
      0.474609375,
      0.4609375,
      0.91796875,
      0.7109375,
      0.42578125,
      0.38671875,
      0.84765625,
      0.65625,
      0.390625,
      0.3515625,
      0.76953125,
      0.578125,
      0.3515625,
      0.34765625,
      0.67578125
    ],
    "rollout_losses": [
      0.7734375,
      0.94921875,
      0.7265625,
      0.78125,
      0.60546875,
      1.078125,
      0.75,
      0.7890625,
      0.609375,
      1.3203125,
      0.6640625,
      0.72265625,
      0.66796875,
      1.1796875,
      0.7890625,
      0.73046875,
      0.63671875,
      1.0859375,
      0.7578125,
      0.640625,
      0.703125,
      0.98046875,
      0.71875,
      0.578125,
      0.63671875,
      0.85546875,
      0.609375,
      0.5078125,
      0.5546875,
      0.7421875,
      0.5234375,
      0.43359375
    ],
    "mean_delta_norm": 4.08349609375,
    "self_loss_head": 0.958984375,
    "self_loss_tail": 0.51171875,
    "self_rollout_head": 0.861328125,
    "self_rollout_tail": 0.478515625
  },
  "per_task": {
    "math": {
      "stage1": {
        "mean_kl": 1.929689645767212,
        "mean_hidden_delta": 4.625,
        "hard_loop_var": 2.1875,
        "soft_loop_var": 0.25,
        "c_t_var": 0.6291356682777405,
        "exit_score_var": 4.006132803624496e-05,
        "sampled_exit_score_var": 0.00045023130951449275,
        "two_step_improvement_mean": 0.14731988310813904,
        "self_check_mean": 0.47846680879592896
      },
      "stage2": {
        "losses": [
          25.756589889526367,
          24.009767532348633,
          23.63422393798828,
          23.508197784423828,
          21.00956916809082,
          21.008596420288086,
          20.633941650390625,
          20.13474464416504,
          18.759201049804688,
          19.506189346313477,
          18.63412857055664,
          18.507335662841797,
          17.008739471435547,
          17.631193161010742,
          17.755849838256836,
          16.507461547851562
        ],
        "self_losses": [
          1.015625,
          1.078125,
          0.91796875,
          1.09375,
          0.99609375,
          0.875,
          0.93359375,
          0.99609375,
          0.94140625,
          0.64453125,
          0.88671875,
          0.98828125,
          0.859375,
          0.52734375,
          0.7578125,
          0.93359375
        ],
        "rollout_losses": [
          0.7734375,
          0.7109375,
          0.890625,
          0.625,
          0.6484375,
          0.7109375,
          0.7578125,
          0.71484375,
          0.6875,
          0.703125,
          0.67578125,
          0.84375,
          0.6875,
          0.57421875,
          0.78515625,
          0.7734375
        ],
        "mean_delta_norm": 2.218994140625,
        "self_loss_head": 1.046875,
        "self_loss_tail": 0.845703125,
        "self_rollout_head": 0.7421875,
        "self_rollout_tail": 0.779296875
      }
    },
    "dialogue": {
      "stage1": {
        "mean_kl": 1.8095533847808838,
        "mean_hidden_delta": 4.28125,
        "hard_loop_var": 7.25,
        "soft_loop_var": 0.25,
        "c_t_var": 0.46903887391090393,
        "exit_score_var": 0.0001372788829030469,
        "sampled_exit_score_var": 0.0009624058147892356,
        "two_step_improvement_mean": 0.08009587973356247,
        "self_check_mean": 0.5467100143432617
      },
      "stage2": {
        "losses": [
          25.007966995239258,
          23.880966186523438,
          22.258886337280273,
          24.007736206054688,
          20.755496978759766,
          20.25965118408203,
          19.383390426635742,
          20.509326934814453,
          18.880653381347656,
          18.38343048095703,
          17.008623123168945,
          18.509035110473633,
          17.130874633789062,
          16.383583068847656,
          15.00887393951416,
          16.63418960571289
        ],
        "self_losses": [
          0.97265625,
          1.2421875,
          1.0546875,
          1.0703125,
          0.66796875,
          1.0234375,
          0.9765625,
          1.0234375,
          0.625,
          1.015625,
          0.91015625,
          1.015625,
          0.5859375,
          0.9375,
          0.8359375,
          0.94140625
        ],
        "rollout_losses": [
          1.0859375,
          0.796875,
          0.703125,
          0.82421875,
          1.28125,
          0.70703125,
          0.71875,
          0.72265625,
          1.1640625,
          0.734375,
          0.63671875,
          0.72265625,
          1.046875,
          0.68359375,
          0.5625,
          0.6796875
        ],
        "mean_delta_norm": 2.258544921875,
        "self_loss_head": 1.107421875,
        "self_loss_tail": 0.888671875,
        "self_rollout_head": 0.94140625,
        "self_rollout_tail": 0.62109375
      }
    },
    "emotion": {
      "stage1": {
        "mean_kl": 1.381303071975708,
        "mean_hidden_delta": 3.65625,
        "hard_loop_var": 0.25,
        "soft_loop_var": 0.75,
        "c_t_var": 0.7103759050369263,
        "exit_score_var": 3.8020538340788335e-05,
        "sampled_exit_score_var": 0.0001709629432298243,
        "two_step_improvement_mean": 0.122802734375,
        "self_check_mean": 0.5032714605331421
      },
      "stage2": {
        "losses": [
          25.629880905151367,
          24.133907318115234,
          22.63315773010254,
          24.508024215698242,
          21.381649017333984,
          21.009592056274414,
          19.88255500793457,
          21.882993698120117,
          19.13302993774414,
          18.758726119995117,
          17.632904052734375,
          19.633270263671875,
          17.38142967224121,
          17.383342742919922,
          16.1312313079834,
          17.63363265991211
        ],