{
  "fixture_path": "/home/kt/ai/minimind/artifacts/luma_stage12_competition_math_dialogue_emotion.json",
  "fixture_mode": "competition_math_dialogue_emotion",
  "rollout_steps": 10,
  "slow_k": 1,
  "reason_loops": 15,
  "enable_world_jepa": true,
  "world_jepa_mode": "full",
  "enable_self_check_ring": true,
  "reason_width_mult": 1.0,
  "num_samples": 4,
  "stage1": {
    "mean_kl": 1.5996944904327393,
    "mean_hidden_delta": 3.96875,
    "hard_loop_var": 3.6875,
    "soft_loop_var": 0.1875,
    "c_t_var": 0.764670193195343,
    "exit_score_var": 0.00014983706932980567,
    "sampled_exit_score_var": 0.00041084171971306205,
    "two_step_improvement_mean": 0.1150851771235466,
    "self_check_mean": 0.5178358554840088
  },
  "stage2": {
    "losses": [
      24.633291244506836,
      24.129047393798828,
      23.12173843383789,
      24.277122497558594,
      13.261602401733398,
      13.867387771606445,
      12.946601867675781,
      14.225712776184082,
      7.722301006317139,
      7.267735004425049,
      7.585716247558594,
      8.670380592346191,
      4.424219131469727,
      3.896472454071045,
      4.408977031707764,
      4.4123711585998535,
      2.5275065898895264,
      2.3631739616394043,
      2.379228115081787,
      2.2049834728240967,
      1.6892151832580566,
      1.6500426530838013,
      1.5544965267181396,
      1.3924813270568848,
      1.2414677143096924,
      1.436124324798584,
      1.2733440399169922,
      1.4089624881744385,
      1.1887626647949219,
      1.0241395235061646,
      1.2337864637374878,
      1.1428581476211548,
      1.199747920036316,
      1.2233299016952515,
      1.2562795877456665,
      1.4596550464630127,
      1.0649977922439575,
      1.0963106155395508,
      1.00079345703125,
      1.1009842157363892,
      0.9303833842277527,
      1.0035591125488281,
      0.8390133380889893,
      1.53424072265625,
      1.0888572931289673,
      0.8701255321502686,
      0.8488934636116028,
      1.4844385385513306,
      1.0203648805618286,
      1.0481929779052734,
      0.9524980783462524,
      1.3713692426681519,
      1.0386011600494385,
      0.9810839295387268,
      0.646098792552948,
      1.1509850025177002,
      0.8472409844398499,
      0.9270231127738953,
      0.8866276144981384,
      1.0969598293304443,
      0.8767592310905457,
      0.7776789665222168,
      0.7857617139816284,
      1.1670358180999756
    ],
    "self_losses": [
      1.015625,
      0.9296875,
      1.09375,
      1.03125,
      1.09375,
      0.55859375,
      0.91015625,
      0.828125,
      0.91015625,
      0.4375,
      0.81640625,
      0.72265625,
      0.6484375,
      0.50390625,
      0.6875,
      0.51953125,
      0.5390625,
      0.466796875,
      0.48828125,
      0.44140625,
      0.427734375,
      0.4375,
      0.38671875,
      0.35546875,
      0.34375,
      0.419921875,
      0.44921875,
      0.328125,
      0.291015625,
      0.345703125,
      0.333984375,
      0.38671875,
      0.267578125,
      0.32421875,
      0.296875,
      0.458984375,
      0.2451171875,
      0.271484375,
      0.2490234375,
      0.435546875,
      0.2314453125,
      0.25,
      0.20703125,
      0.478515625,
      0.2109375,
      0.234375,
      0.19921875,
      0.412109375,
      0.177734375,
      0.248046875,
      0.185546875,
      0.3359375,
      0.1484375,
      0.240234375,
      0.140625,
      0.26171875,
      0.11572265625,
      0.1689453125,
      0.099609375,
      0.23046875,
      0.1201171875,
      0.1591796875,
      0.08203125,
      0.2333984375
    ],
    "rollout_losses": [
      0.7734375,
      1.1484375,
      0.6796875,
      0.7890625,
      0.80078125,
      0.98046875,
      0.796875,
      0.83203125,
      0.9375,
      0.4765625,
      0.8125,
      0.75,
      0.671875,
      0.234375,
      0.640625,
      0.40625,
      0.55078125,
      0.25,
      0.49609375,
      0.328125,
      0.46484375,
      0.24609375,
      0.40234375,
      0.37109375,
      0.40234375,
      0.2265625,
      0.36328125,
      0.3984375,
      0.40234375,
      0.24609375,
      0.36328125,
      0.4609375,
      0.39453125,
      0.30859375,
      0.33203125,
      0.57421875,
      0.33203125,
      0.2890625,
      0.28515625,
      0.59375,
      0.29296875,
      0.2578125,
      0.234375,
      0.77734375,
      0.28515625,
      0.2734375,
      0.21484375,
      0.75,
      0.3046875,
      0.328125,
      0.1953125,
      0.6484375,
      0.3671875,
      0.2734375,
      0.1640625,
      0.5625,
      0.296875,
      0.33984375,
      0.2734375,
      0.5234375,
      0.24609375,
      0.296875,
      0.3203125,
      0.4140625
    ],
    "mean_delta_norm": 9.18096923828125,
    "self_loss_head": 0.97265625,
    "self_loss_tail": 0.15771484375,
    "self_rollout_head": 0.9609375,
    "self_rollout_tail": 0.3671875
  },
  "per_task": {
    "math": {
      "stage1": {
        "mean_kl": 1.9256545305252075,
        "mean_hidden_delta": 4.5,
        "hard_loop_var": 1.1875,
        "soft_loop_var": 0.1875,
        "c_t_var": 0.6361335515975952,
        "exit_score_var": 4.157442890573293e-05,
        "sampled_exit_score_var": 0.00044518569484353065,
        "two_step_improvement_mean": 0.1090630441904068,
        "self_check_mean": 0.5169406533241272
      },
      "stage2": {
        "losses": [
          24.652822494506836,
          23.639787673950195,
          25.340709686279297,
          22.535614013671875,
          13.138022422790527,
          13.851419448852539,
          14.651883125305176,
          12.768872261047363,
          7.69917631149292,
          8.484582901000977,
          8.564882278442383,
          7.291383266448975,
          4.766234397888184,
          4.56135892868042,
          4.28169584274292,
          3.472977876663208,
          2.6253585815429688,
          2.6077466011047363,
          2.396831750869751,
          1.8962812423706055,
          1.7364505529403687,
          1.61343514919281,
          1.4455252885818481,
          1.3533432483673096,
          1.4452662467956543,
          1.4526058435440063,
          1.367105484008789,
          1.1817545890808105,
          1.0150549411773682,
          1.3294824361801147,
          1.4042242765426636,
          1.2082182168960571
        ],
        "self_losses": [
          1.015625,
          1.1015625,
          0.95703125,
          1.1015625,
          1.0546875,
          0.8125,
          0.7890625,
          0.890625,
          0.85546875,
          0.828125,
          0.69140625,
          0.57421875,
          0.74609375,
          0.5,
          0.53515625,
          0.44140625,
          0.482421875,
          0.41015625,
          0.46875,
          0.423828125,
          0.337890625,
          0.4140625,
          0.421875,
          0.330078125,
          0.2734375,
          0.35546875,
          0.443359375,
          0.28515625,
          0.25390625,
          0.337890625,
          0.49609375,
          0.30078125
        ],
        "rollout_losses": [
          0.7734375,
          0.71484375,
          0.921875,
          0.76953125,
          0.75,
          0.8984375,
          0.90625,
          0.77734375,
          0.7265625,
          0.94921875,
          0.6015625,
          0.515625,
          0.66796875,
          0.421875,
          0.36328125,
          0.26171875,
          0.46875,
          0.4375,
          0.2421875,
          0.18359375,
          0.375,
          0.4921875,
          0.25,
          0.26953125,
          0.35546875,
          0.52734375,
          0.296875,
          0.265625,
          0.32421875,
          0.5078125,
          0.3984375,
          0.296875
        ],
        "mean_delta_norm": 5.1536865234375,
        "self_loss_head": 1.05859375,
        "self_loss_tail": 0.3984375,
        "self_rollout_head": 0.744140625,
        "self_rollout_tail": 0.34765625
      }
    },