{
  "fixture_path": "/home/kt/ai/minimind/artifacts/luma_stage12_competition_math_dialogue.json",
  "fixture_mode": "competition_math_dialogue",
  "rollout_steps": 10,
  "slow_k": 1,
  "reason_loops": 15,
  "enable_world_jepa": true,
  "world_jepa_mode": "scaffold",
  "enable_self_check_ring": true,
  "num_samples": 8,
  "stage1": {
    "mean_kl": 1.3373491764068604,
    "mean_hidden_delta": 3.53125,
    "hard_loop_var": 1.1875,
    "soft_loop_var": 0.109375,
    "c_t_var": 0.6864975690841675,
    "exit_score_var": 6.060243322281167e-05,
    "sampled_exit_score_var": 0.00014110695337876678,
    "two_step_improvement_mean": 0.18373210728168488,
    "self_check_mean": 0.537429690361023
  },
  "stage2": {
    "losses": [
      25.7611083984375,
      24.885498046875,
      23.760719299316406,
      23.760499954223633,
      23.135944366455078,
      22.51066017150879,
      22.76042366027832,
      24.010787963867188
    ],
    "self_losses": [
      1.0234375,
      0.96875,
      1.0703125,
      1.2265625,
      0.921875,
      1.0703125,
      1.1171875,
      1.0859375
    ],
    "rollout_losses": [
      0.80859375,
      1.0390625,
      0.796875,
      0.84765625,
      0.8984375,
      0.83984375,
      0.87109375,
      0.90234375
    ],
    "mean_delta_norm": 1.69140625,
    "self_loss_head": 0.99609375,
    "self_loss_tail": 1.1015625,
    "self_rollout_head": 0.923828125,
    "self_rollout_tail": 0.88671875
  },
  "per_task": {
    "math": {
      "stage1": {
        "mean_kl": 1.3715434074401855,
        "mean_hidden_delta": 3.6875,
        "hard_loop_var": 0.734375,
        "soft_loop_var": 0.234375,
        "c_t_var": 0.7748939394950867,
        "exit_score_var": 1.6223850252572447e-05,
        "sampled_exit_score_var": 0.00015726409037597477,
        "two_step_improvement_mean": 0.19284261763095856,
        "self_check_mean": 0.49838346242904663
      },
      "stage2": {
        "losses": [
          25.7611083984375,
          24.010934829711914,
          23.760868072509766,
          23.13580894470215
        ],
        "self_losses": [
          1.0234375,
          1.125,
          0.97265625,
          1.125
        ],
        "rollout_losses": [
          0.80859375,
          0.765625,
          0.91796875,
          0.7890625
        ],
        "mean_delta_norm": 1.609375,
        "self_loss_head": 1.07421875,
        "self_loss_tail": 1.048828125,
        "self_rollout_head": 0.787109375,
        "self_rollout_tail": 0.853515625
      }
    },
    "dialogue": {
      "stage1": {
        "mean_kl": 1.5136919021606445,
        "mean_hidden_delta": 3.84375,
        "hard_loop_var": 0.609375,
        "soft_loop_var": 0.5,
        "c_t_var": 0.6359585523605347,
        "exit_score_var": 2.478782153048087e-05,
        "sampled_exit_score_var": 0.00030908320331946015,
        "two_step_improvement_mean": 0.18158365786075592,
        "self_check_mean": 0.5321574211120605
      },
      "stage2": {
        "losses": [
          25.010469436645508,
          23.885435104370117,
          22.51055145263672,
          24.010759353637695
        ],
        "self_losses": [
          0.97265625,
          1.2421875,
          1.078125,
          1.1015625
        ],
        "rollout_losses": [
          1.0859375,
          0.8828125,
          0.796875,
          0.91015625
        ],
        "mean_delta_norm": 1.732421875,
        "self_loss_head": 1.107421875,
        "self_loss_tail": 1.08984375,
        "self_rollout_head": 0.984375,
        "self_rollout_tail": 0.853515625
      }
    },
    "mixed": {
      "stage1": {
        "mean_kl": 1.3373491764068604,
        "mean_hidden_delta": 3.53125,
        "hard_loop_var": 1.1875,
        "soft_loop_var": 0.109375,
        "c_t_var": 0.6864975690841675,
        "exit_score_var": 6.060243322281167e-05,
        "sampled_exit_score_var": 0.00014110695337876678,
        "two_step_improvement_mean": 0.18373210728168488,
        "self_check_mean": 0.537429690361023
      },
      "stage2": {
        "losses": [
          25.7611083984375,
          24.885498046875,
          23.635696411132812,
          23.760469436645508
        ],
        "self_losses": [
          1.0234375,
          0.953125,
          1.0625,
          1.21875
        ],
        "rollout_losses": [
          0.80859375,
          1.0390625,
          0.79296875,
          0.84765625
        ],
        "mean_delta_norm": 1.5078125,
        "self_loss_head": 0.98828125,
        "self_loss_tail": 1.140625,
        "self_rollout_head": 0.923828125,
        "self_rollout_tail": 0.8203125
      }
    }
  }
}