{
  "fixture_path": "/home/kt/ai/minimind/artifacts/luma_stage12_hard_math_dialogue.json",
  "fixture_mode": "hard_math_dialogue",
  "rollout_steps": 4,
  "slow_k": 2,
  "reason_loops": 8,
  "enable_world_jepa": false,
  "num_samples": 6,
  "stage1": {
    "mean_kl": 0.26577314734458923,
    "mean_hidden_delta": 1.484375,
    "hard_loop_var": 0.0,
    "soft_loop_var": 0.0,
    "c_t_var": 0.4340057373046875,
    "exit_score_var": 1.3245521586213727e-05,
    "sampled_exit_score_var": 0.00031789144850336015,
    "two_step_improvement_mean": 0.0794270858168602
  },
  "stage2": {
    "losses": [
      24.0,
      23.875,
      23.5,
      22.875,
      23.125,
      23.25
    ],
    "self_losses": [
      0.96875,
      1.1484375,
      1.125,
      1.09375,
      0.92578125,
      1.0078125
    ],
    "rollout_losses": [
      0.0,
      0.0,
      0.0,
      0.0,
      0.0,
      0.0
    ],
    "mean_delta_norm": 5.018229166666667,
    "self_loss_head": 1.05859375,
    "self_loss_tail": 0.966796875,
    "self_rollout_head": 0.0,
    "self_rollout_tail": 0.0
  }
}