{
  "fixture_path": "/home/kt/ai/minimind/artifacts/luma_stage12_hard_math_dialogue.json",
  "fixture_mode": "hard_math_dialogue",
  "rollout_steps": 3,
  "num_samples": 6,
  "stage1": {
    "mean_kl": 1.4459819793701172,
    "mean_hidden_delta": 4.03125,
    "hard_loop_var": 0.0,
    "soft_loop_var": 0.1388888955116272,
    "c_t_var": 0.6366448998451233,
    "exit_score_var": 2.3936132492963225e-05,
    "sampled_exit_score_var": 0.00010559871589066461,
    "two_step_improvement_mean": 0.0088975690305233
  },
  "stage2": {
    "losses": [
      25.25,
      25.5,
      25.125,
      24.125,
      24.125,
      24.5
    ],
    "self_losses": [
      0.91796875,
      1.109375,
      1.1015625,
      0.92578125,
      0.890625,
      1.0
    ],
    "rollout_losses": [
      0.96484375,
      1.125,
      1.015625,
      1.0,
      0.8671875,
      0.94140625
    ],
    "mean_delta_norm": 3.0260416666666665,
    "self_loss_head": 1.013671875,
    "self_loss_tail": 0.9453125,
    "self_rollout_head": 1.044921875,
    "self_rollout_tail": 0.904296875
  }
}